run_id,label,workload,valid,radix_cache,prefix_reuse_fraction,cgroup_cpu_limit_cores,cgroup_cpu_period_usec,cgroup_cpu_quota_usec,cgroup_delta_cpu_burst_usec,cgroup_delta_cpu_core_sched_force_idle_usec,cgroup_delta_cpu_nr_bursts,cgroup_delta_cpu_nr_periods,cgroup_delta_cpu_nr_throttled,cgroup_delta_cpu_system_usec,cgroup_delta_cpu_throttled_usec,cgroup_delta_cpu_usage_usec,cgroup_delta_cpu_user_usec,cgroup_delta_memory_event_high,cgroup_delta_memory_event_low,cgroup_delta_memory_event_max,cgroup_delta_memory_event_oom,cgroup_delta_memory_event_oom_group_kill,cgroup_delta_memory_event_oom_kill,cgroup_max_memory_current_bytes,cgroup_mean_memory_current_bytes,cgroup_memory_max_bytes,cgroup_rate_cpu_burst_usec_per_s,cgroup_rate_cpu_core_sched_force_idle_usec_per_s,cgroup_rate_cpu_nr_bursts_per_s,cgroup_rate_cpu_nr_periods_per_s,cgroup_rate_cpu_nr_throttled_per_s,cgroup_rate_cpu_system_usec_per_s,cgroup_rate_cpu_throttled_usec_per_s,cgroup_rate_cpu_usage_usec_per_s,cgroup_rate_cpu_user_usec_per_s,check_all_requests_successful,check_energy_crosscheck,check_gpu_health_counters_unchanged,check_gpu_maximum_gap,check_gpu_sample_coverage,check_no_forbidden_clock_events,check_two_gpu_telemetry,check_watchdog_not_hit,chunked_prefill_size,e2e_ms_p50,e2e_ms_p95,e2e_ms_p99,elapsed_s,energy_crosscheck_relative_error,energy_j,gpu_busy_imbalance_fraction,gpu_counter_energy_j,gpu_device_count,gpu_fraction_clock_event_hw_slowdown,gpu_fraction_clock_event_hw_thermal,gpu_fraction_clock_event_power_brake,gpu_fraction_clock_event_sw_power_cap,gpu_fraction_clock_event_sw_thermal,gpu_fraction_gpm_supported,gpu_max_clock_event_reasons,gpu_max_dfma_tensor_activity_pct,gpu_max_dram_activity_pct,gpu_max_enforced_power_limit_w,gpu_max_fp16_activity_pct,gpu_max_fp32_activity_pct,gpu_max_fp64_activity_pct,gpu_max_gpu_busy_pct,gpu_max_graphics_activity_pct,gpu_max_hmma_tensor_activity_pct,gpu_max_imma_tensor_activity_pct,gpu_max_integer_activity_pct,gpu_max_interval_s,gpu_max_memory_busy_pct,gpu_max_memory_clock_mhz,gpu_max_memory_free_bytes,gpu_max_memory_total_bytes,gpu_max_memory_used_bytes,gpu_max_nvlink_rx_mib_s,gpu_max_nvlink_tx_mib_s,gpu_max_pcie_rx_mib_s,gpu_max_pcie_tx_mib_s,gpu_max_power_average_w,gpu_max_power_instant_w,gpu_max_pstate,gpu_max_sm_activity_pct,gpu_max_sm_clock_mhz,gpu_max_sm_occupancy_pct,gpu_max_temperature_c,gpu_max_tensor_activity_pct,gpu_maximum_gap_s,gpu_mean_clock_event_reasons,gpu_mean_dfma_tensor_activity_pct,gpu_mean_dram_activity_pct,gpu_mean_enforced_power_limit_w,gpu_mean_fp16_activity_pct,gpu_mean_fp32_activity_pct,gpu_mean_fp64_activity_pct,gpu_mean_gpu_busy_pct,gpu_mean_graphics_activity_pct,gpu_mean_hmma_tensor_activity_pct,gpu_mean_imma_tensor_activity_pct,gpu_mean_integer_activity_pct,gpu_mean_interval_s,gpu_mean_memory_busy_pct,gpu_mean_memory_clock_mhz,gpu_mean_memory_free_bytes,gpu_mean_memory_total_bytes,gpu_mean_memory_used_bytes,gpu_mean_nvlink_rx_mib_s,gpu_mean_nvlink_tx_mib_s,gpu_mean_pcie_rx_mib_s,gpu_mean_pcie_tx_mib_s,gpu_mean_power_average_w,gpu_mean_power_instant_w,gpu_mean_pstate,gpu_mean_sm_activity_pct,gpu_mean_sm_clock_mhz,gpu_mean_sm_occupancy_pct,gpu_mean_temperature_c,gpu_mean_tensor_activity_pct,gpu_power_imbalance_fraction,gpu_raw_maximum_gap_s,gpu_sample_coverage,gpu_sample_row_count,hbm_error_row_count,hbm_row_count,hbm_successful_row_count,input_tokens,integrated_power_j,joules_per_1000_output_tokens,joules_per_request,max_running_requests,network_delta_eth0_rx_bytes,network_delta_eth0_rx_drops,network_delta_eth0_rx_errors,network_delta_eth0_rx_packets,network_delta_eth0_tx_bytes,network_delta_eth0_tx_drops,network_delta_eth0_tx_errors,network_delta_eth0_tx_packets,network_delta_lo_rx_bytes,network_delta_lo_rx_drops,network_delta_lo_rx_errors,network_delta_lo_rx_packets,network_delta_lo_tx_bytes,network_delta_lo_tx_drops,network_delta_lo_tx_errors,network_delta_lo_tx_packets,network_rate_eth0_rx_bytes_per_s,network_rate_eth0_rx_drops_per_s,network_rate_eth0_rx_errors_per_s,network_rate_eth0_rx_packets_per_s,network_rate_eth0_tx_bytes_per_s,network_rate_eth0_tx_drops_per_s,network_rate_eth0_tx_errors_per_s,network_rate_eth0_tx_packets_per_s,network_rate_lo_rx_bytes_per_s,network_rate_lo_rx_drops_per_s,network_rate_lo_rx_errors_per_s,network_rate_lo_rx_packets_per_s,network_rate_lo_tx_bytes_per_s,network_rate_lo_tx_drops_per_s,network_rate_lo_tx_errors_per_s,network_rate_lo_tx_packets_per_s,output_tokens,queue_maximum,queue_median,queue_nonzero_fraction,queue_samples,request_count,service_max_sglang_cache_hit_rate,service_max_sglang_decode_sum_seq_lens,service_max_sglang_full_token_usage,service_max_sglang_gen_throughput,service_max_sglang_kv_available_tokens,service_max_sglang_kv_evictable_tokens,service_max_sglang_kv_used_tokens,service_max_sglang_num_queue_reqs,service_max_sglang_num_running_reqs,service_max_sglang_token_usage,service_maximum_gap_s,service_mean_sglang_cache_hit_rate,service_mean_sglang_decode_sum_seq_lens,service_mean_sglang_full_token_usage,service_mean_sglang_gen_throughput,service_mean_sglang_kv_available_tokens,service_mean_sglang_kv_evictable_tokens,service_mean_sglang_kv_used_tokens,service_mean_sglang_num_queue_reqs,service_mean_sglang_num_running_reqs,service_mean_sglang_token_usage,service_metrics_error_count,service_sample_count,success_count,throughput_output_tokens_s,throughput_requests_s,total_average_power_w,tpot_ms_p50,tpot_ms_p95,tpot_ms_p99,ttft_ms_p50,ttft_ms_p95,ttft_ms_p99
001-s1-capacity-c32,s1-capacity-c32,BAL,True,False,,34.0,100000.0,3400000.0,0.0,0.0,0.0,110.0,0.0,17162640.0,0.0,27659991.0,10497352.0,0.0,0.0,0.0,0.0,0.0,0.0,82588483584.0,82575928987.82608,376999997440.0,0.0,0.0,0.0,9.809831403218338,0.0,1530569.134855738,0.0,2466725.893859423,936156.8481839711,True,True,True,True,True,True,True,True,8192,1397.8424724191427,1496.4338564313948,1499.3233712390065,11.213240623474121,0.005061950368922144,10122.570999622345,0.011252813203300804,10041.920000076294,2,0.0,0.0,0.0,0.013392857142857142,0.0,1.0,4.0,0.0,48.54770373864353,700.0,0.0731570492476629,2.102564351212524,0.0,100.0,99.99626787786407,22.24040052669861,0.0,17.99734254176069,0.10026722401380539,62.0,2619.0,11607015424.0,85520809984.0,75094032384.0,25546.543271489434,25554.11878436165,1801.964813661527,130.27242262790554,482.048,765.783,0.0,85.68526001886909,1980.0,35.68082220981433,49.0,22.240387843854702,0.10026836395263672,0.05357142857142857,0.0,42.69374084692478,700.0,0.01286068203965434,1.0506327814309524,0.0,95.21428571428571,95.36387274462182,5.9321076227792675,0.0,13.784533692294431,0.10014874027443252,54.3125,2619.0,10767953334.857143,85520809984.0,74752856649.14285,6121.942694808197,5421.066943643582,42.00820513935984,10.080657855928816,435.9828392857143,451.3938392857143,0.0,69.72125596834333,1979.799107142857,26.43741385927862,42.236607142857146,5.932107627368964,0.012094430813729216,0.10026836395263672,0.9988191974185944,224,13,13,0,131072,10071.331047616366,308.91635130683426,39.541292967274785,128,0.0,0.0,0.0,0.0,0.0,0.0,0.0,0.0,27055371.0,0.0,0.0,70083.0,27055371.0,0.0,0.0,70083.0,0.0,0.0,0.0,0.0,0.0,0.0,0.0,0.0,2412805.7096502064,0.0,0.0,6250.02194756137,2412805.7096502064,0.0,0.0,6250.02194756137,32768,9.0,0.0,0.08695652173913043,23,256,0.0,20480.0,0.006988279483042875,3979.4480751876345,2825302.0,0.0,19744.0,9.0,32.0,0.25,0.5414142608642578,0.0,17341.217391304348,0.004892928260412515,1642.3919243103367,2811478.0,0.0,13824.0,0.6086956521739131,21.08695652173913,0.19608695652173913,0,23,256,2922.259594733259,22.830153083853585,902.7337715763865,9.145708732658953,9.510227457040877,10.219159626995953,249.62057918310165,332.9238430596888,334.85833490267396
002-s1-capacity-c64,s1-capacity-c64,BAL,True,False,,34.0,100000.0,3400000.0,0.0,0.0,0.0,70.0,0.0,11169661.0,0.0,19668462.0,8498801.0,0.0,0.0,0.0,0.0,0.0,0.0,82596339712.0,82582453725.86667,376999997440.0,0.0,0.0,0.0,9.386809052259009,0.0,1497821.0712209202,0.0,2637487.102080176,1139666.030859256,True,True,True,True,True,True,True,True,8192,1737.5363828614354,2324.862278997898,2332.435880228877,7.457273244857788,0.008442791693422717,7837.0019998550415,0.003675950798812357,7837.0019998550415,2,0.0,0.0,0.0,0.02,0.0,1.0,4.0,0.0,63.107697794896644,700.0,0.07086579202537607,1.9908781595331784,0.0,100.0,99.99527806272684,21.008487640921462,0.0,18.30199386525769,0.10026135668158531,80.0,2619.0,11506352128.0,85520809984.0,75419090944.0,24653.573917456237,24614.777939823198,1330.1311737834183,101.07201673615172,584.301,750.991,0.0,85.05065260772128,1980.0,38.39196115383292,51.0,21.00849966354747,0.10026407241821289,0.08,0.0,52.550208727026266,700.0,0.018630583381163558,1.4655270223388737,0.0,94.30666666666667,93.14545152833803,8.277749173006178,0.0,15.584994719628178,0.1001461839179198,67.32,2619.0,10482248581.12,85520809984.0,75038561402.88,9053.171847093485,7991.180176943769,66.83739464772091,12.893129182438267,499.4514,521.3659666666666,0.0,73.5656818649995,1979.7,33.052297484762526,45.86,8.277749195667335,0.009979803173375127,0.10026407241821289,1.0057295413134653,150,9,9,0,131072,7770.835824469328,239.16632079635747,30.613289061933756,128,0.0,0.0,0.0,0.0,0.0,0.0,0.0,0.0,24792029.0,0.0,0.0,64937.0,24792029.0,0.0,0.0,64937.0,0.0,0.0,0.0,0.0,0.0,0.0,0.0,0.0,3324543.460586684,0.0,0.0,8707.874563236333,3324543.460586684,0.0,0.0,8707.874563236333,32768,6.0,0.0,0.06666666666666667,15,256,0.0,38532.0,0.013660840504838068,6839.441517925678,2825302.0,0.0,38596.0,6.0,64.0,0.5,0.7959554195404053,0.0,31632.666666666668,0.011327190273228609,3803.194161999694,2793299.2666666666,0.0,32002.733333333334,0.4,52.13333333333333,0.44333333333333336,0,15,256,4394.0994146346175,34.32890167683295,1050.9205902115893,11.613037488533287,13.33657031380168,13.34091531934114,348.49879890680313,776.7124865204096,800.2144020050764
003-s1-capacity-c128,s1-capacity-c128,BAL,True,False,,34.0,100000.0,3400000.0,0.0,0.0,0.0,50.0,0.0,7963689.0,0.0,14350925.0,6387236.0,0.0,0.0,0.0,0.0,0.0,0.0,82605707264.0,82592943010.90909,376999997440.0,0.0,0.0,0.0,9.50189743261663,0.0,1513403.121265146,0.0,2727220.348263476,1213817.2269983303,True,True,True,True,True,True,True,True,8192,2611.1076986417174,2758.6244377307594,2761.7190069518983,5.262106895446777,0.0038652402318374614,6136.3910002708435,0.014406256431364431,6136.3910002708435,2,0.0,0.0,0.0,0.11320754716981132,0.0,1.0,4.0,0.0,69.39205859274668,700.0,0.07294848552324044,2.415703037185507,0.0,100.0,99.99681439572157,21.76632689982153,0.0,17.981028389818167,0.1003426518291235,88.0,2619.0,11416174592.0,85520809984.0,76211814400.0,25626.416689162048,25587.62615270162,823.5155295154489,68.61796650104152,672.544,739.94,0.0,85.44447494613637,1980.0,40.60098001104649,53.0,21.766289426093735,0.10035896301269531,0.4528301886792453,0.0,55.37694266241047,700.0,0.027456321080351644,2.036182137707121,0.0,91.67924528301887,93.3357965901853,10.712031275497878,0.0,16.527854372296183,0.10015741194475372,69.36792452830188,2619.0,9815406476.075472,85520809984.0,75705403507.92453,12899.922344571964,11430.680639407576,50.682273188894044,12.337616273337336,543.0610660377358,582.1186981132075,0.0,78.64082627873817,1978.4433962264152,34.21300621628878,48.25471698113208,10.712031286894263,0.023392240557817554,0.10035896301269531,1.0072011278573627,106,7,7,0,131072,6112.672374898311,187.26779175631236,23.970277344807982,128,0.0,0.0,0.0,0.0,0.0,0.0,0.0,0.0,24511939.0,0.0,0.0,63995.0,24511939.0,0.0,0.0,63995.0,0.0,0.0,0.0,0.0,0.0,0.0,0.0,0.0,4658198.605051109,0.0,0.0,12161.478524006025,4658198.605051109,0.0,0.0,12161.478524006025,32768,79.0,0.0,0.2727272727272727,11,256,0.0,80896.0,0.026865800540968716,10050.136697561285,2825302.0,0.0,75904.0,79.0,128.0,1.0,0.5080533027648926,0.0,61265.545454545456,0.020078304098914992,3990.8033182938593,2768574.727272727,0.0,56727.27272727273,14.272727272727273,92.0,0.7972727272727272,0,11,256,6227.163501439635,48.64971485499715,1166.1471578201065,16.032004560248588,18.76781972521168,18.782374545139824,570.2256076037884,918.7705717049539,921.5381856076419
004-s1-capacity-c256,s1-capacity-c256,BAL,True,False,,34.0,100000.0,3400000.0,0.0,0.0,0.0,95.0,0.0,16783645.0,0.0,29834866.0,13051220.0,0.0,0.0,0.0,0.0,0.0,0.0,82623860736.0,82468506624.0,376999997440.0,0.0,0.0,0.0,9.247120605502213,0.0,1633688.3106835177,0.0,2904069.5173789198,1270381.1093572904,True,True,True,True,True,True,True,True,8192,5018.144745379686,5325.899367313832,5333.199075162411,10.273468255996704,0.0036835908531564054,12256.62599992752,0.011177725840869835,12232.356999874115,2,0.0,0.0,0.0,0.0825242718446602,0.0,1.0,4.0,0.0,69.39100666529197,700.0,0.07399212281097722,2.4730568060031572,0.0,100.0,99.99706626388627,22.389178420926623,0.0,17.993334057645185,0.10044210590422153,88.0,2619.0,11195973632.0,85520809984.0,75922407424.0,25876.455912276808,25886.68450107285,39.13779189565931,14.537046072238121,673.79,766.113,0.0,85.54688044979201,1980.0,40.67946539829659,56.0,22.389176167024726,0.10045099258422852,0.3300970873786408,0.0,56.39581218458582,700.0,0.02832812867596248,2.117453412063416,0.0,95.54368932038835,95.76427396231513,11.000499298549265,0.0,16.931658621496783,0.10014994983172533,71.61650485436893,2619.0,9996235030.368933,85520809984.0,75524574953.63107,13368.389468131561,11827.781346087571,30.602950429806008,11.121207420465767,575.0672038834952,594.8231747572815,0.0,80.53596875678211,1978.4708737864078,34.71952839839785,50.39320388349515,11.00049932668068,0.018328056280192972,0.10045099258422852,1.0025825498597136,206,12,12,0,262144,12211.477604503629,187.02127075084718,23.93872265610844,128,0.0,0.0,0.0,0.0,0.0,0.0,0.0,0.0,46992964.0,0.0,0.0,128211.0,46992964.0,0.0,0.0,128211.0,0.0,0.0,0.0,0.0,0.0,0.0,0.0,0.0,4574206.375979196,0.0,0.0,12479.816631074149,4574206.375979196,0.0,0.0,12479.816631074149,65536,160.0,128.0,0.85,20,512,0.0,80896.0,0.0279531179321715,10339.24810096774,2808918.0,0.0,78976.0,160.0,128.0,1.0,1.0347025394439697,0.0,76492.8,0.020323774237231983,6945.684877185445,2767881.2,0.0,57420.8,103.8,91.05,0.8185,0,20,512,6379.150484233611,49.837113158075084,1193.036829872252,16.25423183972676,18.739898601825544,19.156344275569587,2968.3624990284443,3502.3888929747045,3521.618292555213
005-s1-capacity-c512,s1-capacity-c512,BAL,True,False,,34.0,100000.0,3400000.0,0.0,0.0,0.0,195.0,0.0,33583626.0,0.0,59790302.0,26206675.0,0.0,0.0,0.0,0.0,0.0,0.0,82404106240.0,82401254824.58537,376999997440.0,0.0,0.0,0.0,9.515236386163812,0.0,1638749.4363821384,0.0,2917532.600667297,1278783.1154890743,True,True,True,True,True,True,True,True,8192,9925.243801437318,10284.083063527942,10872.684414125979,20.49344778060913,0.0056316801257709275,24541.202999591827,0.006259299163716546,24400.909999847412,2,0.0,0.0,0.0,0.23039215686274508,0.0,1.0,4.0,0.0,69.48181119081322,700.0,0.07539470345701356,2.530653027259862,0.0,100.0,99.99932006126393,22.33480648927019,0.0,18.072020168331093,0.10029655694961548,88.0,2619.0,11195973632.0,85520809984.0,75783995392.0,25957.259989213646,25918.459540933767,57.28090640450803,14.89613382114965,677.949,751.13,0.0,85.64130593086303,1980.0,40.7468348500872,61.0,22.33479630287832,0.10042572021484375,0.9215686274509803,0.0,55.99970200677643,700.0,0.028631491020518537,2.133200123929687,0.0,95.54411764705883,95.80803616997305,11.051927934556232,0.0,16.91256346284565,0.10015080494842693,71.38725490196079,2619.0,10107328793.09804,85520809984.0,75413481190.90196,13485.729629374126,11933.739808219334,30.685512717330486,11.115978043283437,588.8604583333333,598.9319264705882,0.0,80.377500382188,1976.1029411764705,34.46041974893679,53.46813725490196,11.051927937488399,0.009254572766201005,0.10042572021484375,0.9954401142448295,408,22,22,0,524288,24402.994794396516,187.23451995538198,23.966018554288894,128,0.0,0.0,0.0,0.0,0.0,0.0,0.0,0.0,99606360.0,0.0,0.0,270145.0,99606360.0,0.0,0.0,270145.0,0.0,0.0,0.0,0.0,0.0,0.0,0.0,0.0,4860400.312642726,0.0,0.0,13182.01812071909,4860400.312642726,0.0,0.0,13182.01812071909,131072,448.0,384.0,0.9024390243902439,41,1024,0.0,81920.0,0.028677996192973353,10369.204585304124,2825302.0,0.0,81024.0,448.0,128.0,1.0,0.7457473278045654,0.0,76250.53658536586,0.022284481532913097,7646.405179964856,2762341.6097560977,0.0,62960.39024390244,294.3170731707317,103.63414634146342,0.8853658536585366,0,41,1024,6395.800326191093,49.96719004836791,1197.5146038048647,15.365400828245118,18.168274733406587,18.283512655381614,7875.903369858861,8338.86568332091,8576.230042669922
006-s1-knee-0.50,s1-knee-0.50,BAL,True,False,,34.0,100000.0,3400000.0,0.0,0.0,0.0,457.0,0.0,55740040.0,0.0,137816859.0,82076818.0,0.0,0.0,0.0,0.0,0.0,0.0,82598834176.0,82557317031.91397,376999997440.0,0.0,0.0,0.0,9.930444183190774,0.0,1211210.844614488,0.0,2994710.340923792,1783499.474579667,True,True,True,True,True,True,True,True,8192,4158.527508378029,5089.9402137845755,5423.163500502706,46.02009654045105,0.0012386503993207921,42519.82300043106,0.05865720463491721,42419.12100028992,2,0.0,0.0,0.0,0.0032679738562091504,0.0,1.0,4.0,0.0,68.21776234277979,700.0,0.06897400636658332,2.2552534469847547,0.0,100.0,99.9976933281179,21.111497281408678,0.0,18.114739266748014,0.10075275786221027,86.0,2619.0,11607015424.0,85520809984.0,85016117248.0,24522.137070502202,24483.35460638118,1837.842435787141,130.2825260209127,570.605,728.503,0.0,86.11638741347186,1980.0,39.30278256251371,58.0,21.111503996515022,0.10080289840698242,0.013071895424836602,0.0,40.915097692191395,700.0,0.011718018778533438,1.0513358577270027,0.0,78.5925925925926,75.29488980708369,6.9687060918032495,0.0,12.370025734586847,0.10017849016764195,52.9880174291939,2619.0,9754022646.518518,85520809984.0,75766787337.48148,6435.291061622619,5675.453353495823,37.844626816076655,8.927917535692085,457.9850533769063,462.3730501089325,0.0,61.05513241724608,1979.950980392157,24.133109605880083,48.13289760348584,6.9687060973510295,0.027807963850291575,0.10080289840698242,0.9973903457515461,918,48,48,0,576000,42467.15580469253,295.27654861410457,37.795398222605385,128,0.0,0.0,0.0,0.0,0.0,0.0,0.0,0.0,120145301.0,0.0,0.0,305640.0,120145301.0,0.0,0.0,305640.0,0.0,0.0,0.0,0.0,0.0,0.0,0.0,0.0,2610713.7974904915,0.0,0.0,6641.44630229853,2610713.7974904915,0.0,0.0,6641.44630229853,144000,5.0,0.0,0.053763440860215055,93,1125,0.0,76489.0,0.026272943564971108,6451.383175119246,2825302.0,0.0,74229.0,5.0,128.0,1.0,1.045811653137207,0.0,55220.18279569892,0.019614243465060577,3215.9393284590724,2769885.8387096776,0.0,55416.16129032258,0.20430107526881722,95.53763440860214,0.7549462365591398,0,93,1125,3129.0677513773994,24.445841807635933,923.9403260064156,31.847533571907853,37.79074141066375,38.82064461649403,88.76128867268562,603.3651199191804,1084.9063976109023
007-s1-knee-0.70,s1-knee-0.70,BAL,True,False,,34.0,100000.0,3400000.0,0.0,0.0,0.0,456.0,0.0,53422641.0,0.0,132292001.0,78869359.0,0.0,0.0,0.0,0.0,0.0,0.0,82337751040.0,82323087226.43478,376999997440.0,0.0,0.0,0.0,9.869178068206557,0.0,1156222.7125062991,0.0,2863187.094009561,1706964.3598603276,True,True,True,True,True,True,True,True,8192,3606.528528034687,4272.760609164834,4441.5875852108,46.204455614089966,0.0031466316372796748,48911.825999736786,0.0528596406760763,48826.991000175476,2,0.0,0.0,0.0,0.05314533622559653,0.0,1.0,4.0,0.0,69.29620701707663,700.0,0.07588020961229967,2.284530409562667,0.0,100.0,99.99845021878942,22.190131184414383,0.0,18.740423620508242,0.1010125670582056,88.0,2619.0,11342774272.0,85520809984.0,81377099776.0,25839.121193789135,25868.77759204115,69.59116830725996,40.254207327969105,622.872,751.314,0.0,87.20871688404883,1980.0,40.566764224842395,61.0,22.190131184414383,0.10101580619812012,0.21258134490238612,0.0,48.32384654326659,700.0,0.017239616371941036,1.4732855336138426,0.0,85.60303687635574,84.74493332872773,8.846816893056003,0.0,14.554909906804786,0.10015476608968091,61.55531453362256,2619.0,5618458783.930586,85520809984.0,79902351200.06941,9099.395082576948,8039.948228864186,35.82981995413157,9.955775742729895,525.8735412147505,528.6040097613883,0.0,70.64275175459858,1979.12147505423,29.055255411521294,53.64533622559653,8.846816898780943,0.0153704587453243,0.10101580619812012,0.9977392740007067,922,48,48,0,804352,48757.918500608896,243.23592655820727,31.13419859945053,128,0.0,0.0,0.0,0.0,0.0,0.0,0.0,0.0,163458395.0,0.0,0.0,420481.0,163458395.0,0.0,0.0,420481.0,0.0,0.0,0.0,0.0,0.0,0.0,0.0,0.0,3537719.313592641,0.0,0.0,9100.442682670091,3537719.313592641,0.0,0.0,9100.442682670091,201088,26.0,0.0,0.4673913043478261,92,1571,0.0,78109.0,0.02701870454910661,9374.235929209233,2825302.0,0.0,76336.0,26.0,128.0,1.0,1.0913982391357422,0.0,66205.04347826086,0.023297517128834523,4776.939285664898,2759479.4782608696,0.0,65822.52173913043,3.391304347826087,114.25,0.9045652173913044,0,92,1571,4352.134384604211,34.0010498797204,1058.5954395450385,26.725538705629628,31.41394018481566,32.63580432733682,122.53150530159473,789.1574930399656,1052.5043645873661
008-s1-knee-0.85,s1-knee-0.85,BAL,True,False,,34.0,100000.0,3400000.0,0.0,0.0,0.0,461.0,0.0,62462273.0,0.0,136759517.0,74297245.0,0.0,0.0,0.0,0.0,0.0,0.0,82355769344.0,82340994191.13979,376999997440.0,0.0,0.0,0.0,9.867979680774244,0.0,1337042.1708871445,0.0,2927418.94774078,1590376.7982592317,True,True,True,True,True,True,True,True,8192,3266.3048105314374,4027.479986101389,4262.828672584146,46.716756105422974,0.0033426137011807943,53431.55499982834,0.01626167355851882,53431.55499982834,2,0.0,0.0,0.0,0.139186295503212,0.0,1.0,4.0,0.0,94.87250999011503,700.0,0.07584680570587307,2.341411005295544,0.0,100.0,99.99863956060592,22.417157886794556,0.0,18.454533667234053,0.10039042122662067,88.0,2619.0,11556683776.0,85520809984.0,81236590592.0,25899.499452426055,25899.514458289144,51.83858214058798,30.154665393076485,641.642,770.345,0.0,86.76858762634868,1980.0,39.9831821579678,62.0,22.417144428731664,0.10040426254272461,0.556745182012848,0.0,53.25891276910335,700.0,0.0213110242086227,1.7364868628433523,0.0,92.17558886509636,89.9505016040895,9.831580046112949,0.0,15.717757882314686,0.10014877812956845,68.02997858672377,2619.0,5076722453.379015,85520809984.0,80444087530.62099,10805.797147199317,9550.598717862898,34.81590264313509,10.65514380422801,567.7776017130622,573.7044057815846,0.0,75.49937529834749,1977.526766595289,31.73298488814579,55.97216274089936,9.83158005249851,0.0042769030640294825,0.10040426254272461,0.9996413255795167,934,49,49,0,979968,53610.15604764616,218.09510106382388,27.916172936169456,128,0.0,0.0,0.0,0.0,0.0,0.0,0.0,0.0,195596238.0,0.0,0.0,507768.0,195596238.0,0.0,0.0,507768.0,0.0,0.0,0.0,0.0,0.0,0.0,0.0,0.0,4186854.017830549,0.0,0.0,10869.076586870664,4186854.017830549,0.0,0.0,10869.076586870664,244992,60.0,7.0,0.7204301075268817,93,1914,0.0,78113.0,0.027692968751659115,9939.431883088018,2819659.0,0.0,78241.0,60.0,128.0,1.0,0.9607672691345215,0.0,68627.91397849462,0.024189755853143435,5895.073171439315,2756958.634408602,0.0,68343.36559139784,13.258064516129032,119.18279569892474,0.9397849462365592,0,93,1914,5244.199735254324,40.970310431674406,1143.7342712591703,22.19396556808254,25.81616459766358,29.194351669518262,410.6817012652755,1152.9723116196692,1466.3246970064934
009-s1-knee-0.95,s1-knee-0.95,BAL,True,False,,34.0,100000.0,3400000.0,0.0,0.0,0.0,470.0,0.0,69429770.0,0.0,142386844.0,72957075.0,0.0,0.0,0.0,0.0,0.0,0.0,82370564096.0,82358350212.0421,376999997440.0,0.0,0.0,0.0,9.927951846915288,0.0,1466585.9857497949,0.0,3007680.278438806,1541094.3138123131,True,True,True,True,True,True,True,True,8192,3503.090374171734,4233.120443765074,4430.537271667272,47.34108376502991,0.004736511258467613,56550.65299987793,0.006744579458885646,56525.21299934387,2,0.0,0.0,0.0,0.2124735729386892,0.0,1.0,4.0,0.0,100.0,700.0,0.07570401016949692,2.3720662126527796,0.0,100.0,99.9982114977771,22.359812401372007,0.0,18.358651610843417,0.10031918436288834,88.0,2619.0,11558780928.0,85520809984.0,81085595648.0,25876.447635950404,25875.51072625073,71.34012323214357,40.80100162593634,666.832,764.428,0.0,86.89480337383863,1980.0,40.40759280953459,63.0,22.359825067497827,0.10032367706298828,0.8498942917547568,0.0,56.028131728750544,700.0,0.024124522657609445,1.9142725581159254,0.0,95.60570824524314,93.20164997563701,10.431714877792658,0.0,16.448226019514586,0.10014478069578492,71.44820295983087,2619.0,5037463920.033827,85520809984.0,80483346063.96617,11970.878323264915,10583.101712472813,33.50870987940229,10.947850457059792,592.197187103594,594.7865264270613,0.0,78.60521200522827,1976.4957716701904,33.45206915219548,57.36257928118393,10.431714864669258,0.004989120861635849,0.10032367706298828,0.999132175232113,946,49,49,0,1104896,56282.80019527031,204.727514625369,26.205121872047233,128,792.0,0.0,0.0,12.0,564.0,0.0,0.0,10.0,220688558.0,0.0,0.0,574124.0,220688558.0,0.0,0.0,574124.0,16.729655027142357,0.0,0.0,0.25347962162336907,11.913542216298344,0.0,0.0,0.2112330180194742,4661671.0148705775,0.0,0.0,12127.39452374126,4661671.0148705775,0.0,0.0,12127.39452374126,276224,86.0,33.0,0.9052631578947369,95,2158,0.0,78254.0,0.02765084936052854,10240.602719494571,2821718.0,0.0,78122.0,86.0,128.0,1.0,0.945652961730957,0.0,71040.35789473684,0.024581685147473196,6733.723002271592,2755851.3157894737,0.0,69450.68421052632,35.17894736842105,120.38947368421053,0.9518947368421052,0,95,2158,5834.762916941124,45.58408528860253,1194.5365104136247,19.994447931764633,23.906380179389487,27.63996929384944,996.5689266100526,1672.1060877665877,1808.568207733331
010-s1-knee-1.05,s1-knee-1.05,BAL,False,False,,34.0,100000.0,3400000.0,0.0,0.0,0.0,490.0,0.0,76238617.0,0.0,148877537.0,72638919.0,0.0,0.0,0.0,0.0,0.0,0.0,82394906624.0,82372415694.86868,376999997440.0,0.0,0.0,0.0,9.90648252817075,0.0,1541339.8515967377,0.0,3009903.508423662,1468563.636609613,True,True,True,False,True,True,True,True,8192,4458.743344061077,5854.292510543019,6445.946147348732,49.46256136894226,0.0026773284748756363,59835.950999736786,0.005078120884562202,59835.950999736786,2,0.0,0.0,0.0,0.2759674134419552,0.0,1.0,4.0,0.0,100.0,700.0,0.07637533020143664,2.3991014131923554,0.0,100.0,99.99903887964577,22.49744282712754,0.0,18.50937609001806,0.47917379438877106,88.0,2619.0,11586043904.0,85520809984.0,81124982784.0,25894.566363057038,25876.282110534088,168.71104561222128,144.3945427709741,680.386,776.68,0.0,87.2067753942516,1980.0,40.9475815408082,63.0,22.497456434578687,0.4791748523712158,1.1038696537678208,0.0,56.327877618356766,700.0,0.025910932689600312,1.9679391741418901,0.0,96.65682281059063,92.48589640270735,10.534732422821381,0.0,16.330153103494226,0.10093423933200463,72.14052953156823,2619.0,5484603529.645621,85520809984.0,80036206454.35439,12436.83868308163,11016.560692579998,31.695957570669037,11.20128696502167,599.918382892057,606.23950101833,0.0,77.66555963604794,1975.2953156822812,33.248148521440655,58.31059063136456,10.534732380098992,0.00823869707245917,0.4791748523712158,0.9926699839452731,982,51,51,0,1215488,59996.151495169644,196.9116963712905,25.204697135525183,128,70.0,0.0,0.0,1.0,0.0,0.0,0.0,0.0,241006862.0,0.0,0.0,630120.0,241006862.0,0.0,0.0,630120.0,1.4152117897386787,0.0,0.0,0.02021731128198112,0.0,0.0,0.0,0.0,4872510.7501474675,0.0,0.0,12739.332185001946,4872510.7501474675,0.0,0.0,12739.332185001946,303872,186.0,84.0,0.9292929292929293,99,2374,0.0,81040.0,0.02832122017398494,10348.822969381456,2825302.0,0.0,80016.0,186.0,128.0,1.0,0.680220365524292,0.0,73117.0,0.024167217121811004,7621.183631146818,2757022.3131313133,0.0,68279.68686868687,84.72727272727273,116.6969696969697,0.9455555555555556,0,99,2374,6143.474813878168,47.99589698342319,1209.7220472150482,18.759186577609206,23.20054423533321,26.551205081293197,2060.794085264206,3574.3215415626764,4041.9551249593487
011-s1-knee-confirm-0.50-seed-2026082501,s1-knee-confirm-0.50-seed-2026082501,BAL,True,False,,34.0,100000.0,3400000.0,0.0,0.0,0.0,906.0,0.0,88209911.0,0.0,243486503.0,155276592.0,0.0,0.0,0.0,0.0,0.0,0.0,82613383168.0,82467852130.46153,376999997440.0,0.0,0.0,0.0,9.94530342433004,0.0,968293.9623930994,0.0,2672789.351064069,1704495.3886709695,True,True,True,True,True,True,True,True,8192,3485.598064959049,4326.399806514382,4503.550236225128,91.09827637672424,0.00010838832778365979,87214.05599975586,0.05379684092260923,87214.05599975586,2,0.0,0.0,0.0,0.0,0.0,1.0,0.0,0.0,87.76845077294058,700.0,0.05727757059927414,2.1743341529740525,0.0,100.0,99.99902036664375,18.830252490973056,0.0,17.675440705372107,0.10144111514091492,86.0,2619.0,11607015424.0,85520809984.0,85420867584.0,20932.42688086774,20898.493792738995,189.80781839698076,39.60571484942262,553.982,737.164,0.0,84.49844797442316,1980.0,39.18656128342556,58.0,18.830276284396458,0.10145092010498047,0.0,0.0,44.29710681887792,700.0,0.011871245142185086,1.082032062723691,0.0,83.13736263736264,80.1118104080336,7.389694248592494,0.0,13.124490200066644,0.10015347871806596,56.61923076923077,2619.0,8699337293.643955,85520809984.0,76821472690.35605,6573.34970990272,5790.848031790737,37.6494873744332,9.398247356741537,476.9560467032967,478.70602417582415,0.0,63.94250069353204,1980.0,25.93921254863243,49.76318681318681,7.389694251589877,0.012320920141920348,0.10145092010498047,0.9989212048720018,1820,93,93,0,1159680,87204.60301406682,300.82110927068106,38.505101986647176,128,0.0,0.0,0.0,0.0,0.0,0.0,0.0,0.0,240529460.0,0.0,0.0,614863.0,240529460.0,0.0,0.0,614863.0,0.0,0.0,0.0,0.0,0.0,0.0,0.0,0.0,2640329.4284660653,0.0,0.0,6749.447129573777,2640329.4284660653,0.0,0.0,6749.447129573777,289920,2.0,0.0,0.01098901098901099,182,2265,0.0,73314.0,0.026237903063106173,6275.3107763295475,2825302.0,0.0,74130.0,2.0,128.0,1.0,1.0454564094543457,0.0,48165.73626373626,0.017482417769891463,3256.869043180079,2775908.89010989,0.0,49393.10989010989,0.016483516483516484,85.68681318681318,0.6725824175824175,0,182,2265,3182.4970957856126,24.8632585608251,957.362306604949,26.8138576826946,33.14057094316314,34.55892545325081,72.42289744317532,104.98620271682736,624.6356356143959
012-s1-knee-confirm-0.50-seed-2026082502,s1-knee-confirm-0.50-seed-2026082502,BAL,True,False,,34.0,100000.0,3400000.0,0.0,0.0,0.0,908.0,0.0,98640081.0,0.0,257517959.0,158877878.0,0.0,0.0,0.0,0.0,0.0,0.0,82372644864.0,82359040967.73627,376999997440.0,0.0,0.0,0.0,9.975817156404768,0.0,1083717.414481229,0.0,2829242.371667995,1745524.9571867662,True,True,True,True,True,True,True,True,8192,4026.167096570134,4673.417963460088,4880.156811662022,91.02011251449585,0.003320393109313242,85598.44000005722,0.001847363340255124,85598.44000005722,2,0.0,0.0,0.0,0.0016519823788546256,0.0,1.0,4.0,0.0,68.41100576874743,700.0,0.06658346284827889,2.278438470728644,0.0,100.0,99.99854376382737,20.357979953369664,0.0,17.644941863248906,0.17193136364221573,85.0,2619.0,11474894848.0,85520809984.0,85254733824.0,23294.572794037904,23277.627571235116,54.6410478498775,28.58670932884276,544.625,723.482,0.0,84.84960006124963,1980.0,39.83390309480691,58.0,20.357963104125997,0.17193174362182617,0.006607929515418502,0.0,42.120473525785556,700.0,0.011493626699049369,1.0410044964395246,0.0,79.28909691629956,75.56199048627782,7.051325925243502,0.0,12.416367351993253,0.10028679517717286,53.72632158590309,2619.0,5617349095.189427,85520809984.0,79903460888.81058,6352.207323466643,5602.228674900912,34.878961958071635,8.864533523204658,468.32291795154185,471.77089977973566,0.0,60.832613427735225,1979.9752202643172,24.360941233413083,51.70980176211454,7.051325904834951,0.004009049447964721,0.17193174362182617,0.9975817156404768,1816,93,93,0,1138176,85882.66047040137,300.8267262710063,38.50582096268881,128,396.0,0.0,0.0,6.0,348.0,0.0,0.0,6.0,236787424.0,0.0,0.0,605007.0,236787424.0,0.0,0.0,605007.0,4.350686777462872,0.0,0.0,0.06591949662822534,3.8233308044370697,0.0,0.0,0.06591949662822534,2601484.632995694,0.0,0.0,6646.959482758788,2601484.632995694,0.0,0.0,6646.959482758788,284544,5.0,0.0,0.06593406593406594,182,2223,0.0,75063.0,0.02661343813864854,7846.829144687376,2825302.0,0.0,75191.0,5.0,128.0,1.0,1.1414945125579834,0.0,52081.093406593405,0.01897914583337239,3364.020410309869,2771680.181318681,0.0,53621.818681318684,0.17032967032967034,92.86263736263736,0.7296153846153847,0,182,2223,3126.1662080969586,24.42317350075749,940.4343461608535,31.032552869301142,36.06147602581837,37.61882678466285,79.6933751553297,216.22406505048295,795.3483683243404
013-s1-knee-confirm-0.70-seed-2026082501,s1-knee-confirm-0.70-seed-2026082501,BAL,True,False,,34.0,100000.0,3400000.0,0.0,0.0,0.0,912.0,0.0,106167877.0,0.0,266337687.0,160169811.0,0.0,0.0,0.0,0.0,0.0,0.0,82406166528.0,82392112905.79234,376999997440.0,0.0,0.0,0.0,9.952575408393336,0.0,1158600.659859132,0.0,2906519.6425050017,1747918.9935587812,True,True,True,True,True,True,True,True,8192,3666.1798311397433,4308.574102353305,4553.5212919116,91.63457322120667,0.0007935880453193131,97518.92199993134,0.021362799263351766,97493.76399946213,2,0.0,0.0,0.0,0.026805251641137857,0.0,1.0,4.0,0.0,84.3883331861404,700.0,0.07109957010160667,2.3221904998364895,0.0,100.0,99.99842773555123,21.35814743552622,0.0,18.352044021250816,0.16041090339422226,87.0,2619.0,11512643584.0,85520809984.0,82820399104.0,25083.243858880913,24793.852412978005,70.01779041574846,39.76149800010069,610.204,777.866,0.0,88.094457409489,1980.0,40.0245675884064,62.0,21.35814691565161,0.16040968894958496,0.10722100656455143,0.0,48.72329000433942,700.0,0.016918527648854292,1.4527865619703597,0.0,86.1433260393873,83.20266066202117,8.735204898233269,0.0,14.298950941022154,0.10021848203023362,61.7910284463895,2619.0,3472900418.6608315,85520809984.0,82047909565.33917,8969.417155372854,7924.123486959596,35.42900080322569,9.803182463213659,530.5322921225383,533.0378222100657,0.0,69.5007831723056,1979.5322757111596,28.441411684767044,53.86323851203501,8.735204890715602,0.001094474880379928,0.16040968894958496,0.9974401231657357,1828,94,94,0,1615872,97596.31185062291,241.40259129418996,30.899531685656317,128,354.0,0.0,0.0,5.0,306.0,0.0,0.0,5.0,328444056.0,0.0,0.0,846170.0,328444056.0,0.0,0.0,846170.0,3.863170717731624,0.0,0.0,0.05456455816005119,3.3393509593951327,0.0,0.0,0.05456455816005119,3584280.959187022,0.0,0.0,9234.178435658103,3584280.959187022,0.0,0.0,9234.178435658103,403968,27.0,1.0,0.5409836065573771,183,3156,0.0,76604.0,0.027246644783460318,9310.954933707693,2824027.0,0.0,76980.0,27.0,128.0,1.0,1.0642423629760742,0.0,68942.3169398907,0.024485210697510695,4722.841718181952,2756123.8852459015,0.0,69178.11475409837,3.7650273224043715,119.30601092896175,0.9447540983606557,0,183,3156,4408.467086159912,34.44114911062431,1064.2153782341497,27.30699105730911,31.79455923987186,33.76313483885188,131.58279657363892,659.8352487199008,850.3720647655427
014-s1-knee-confirm-0.70-seed-2026082502,s1-knee-confirm-0.70-seed-2026082502,BAL,True,False,,34.0,100000.0,3400000.0,0.0,0.0,0.0,906.0,0.0,104282495.0,0.0,264091219.0,159808723.0,0.0,0.0,0.0,0.0,0.0,0.0,82416934912.0,82402025381.97803,376999997440.0,0.0,0.0,0.0,9.915605747216471,0.0,1141306.961099418,0.0,2890313.9171145735,1749006.9450707783,True,True,True,True,True,True,True,True,8192,3668.372707441449,4239.3321972340345,4567.211886867881,91.37111973762512,0.0014818838262343013,97487.81099939346,0.009553715862594053,97405.71799993515,2,0.0,0.0,0.0,0.04057017543859649,0.0,1.0,4.0,0.0,100.0,700.0,0.07532044881917502,2.3267251402353994,0.0,100.0,99.99941852393187,21.87391640566621,0.0,18.936540094936575,0.10077371075749397,87.0,2619.0,11598626816.0,85520809984.0,82595545088.0,25569.165235518743,25449.82181568521,58.804213265707176,33.81790996511753,623.657,772.639,0.0,89.21208952558732,1980.0,40.24836259889795,64.0,21.87391640566621,0.10080838203430176,0.16228070175438597,0.0,48.44334391139733,700.0,0.016609070737636678,1.4387406227744652,0.0,86.42269736842105,82.65511489450117,8.686590407799741,0.0,14.21655426978735,0.10015826477473111,62.09046052631579,2619.0,3447946114.245614,85520809984.0,82072863869.75438,8863.897717917738,7828.578857093821,35.49836023330613,9.725793529888088,531.317670504386,534.7222697368421,0.0,68.98681382768022,1979.2927631578948,28.215101561366204,55.61896929824562,8.68659036664707,0.00017371368250412118,0.10080838203430176,0.9981272010443071,1824,93,93,0,1600512,97632.27660976845,243.64156219858012,31.186119961418253,128,0.0,0.0,0.0,0.0,0.0,0.0,0.0,0.0,323798705.0,0.0,0.0,836904.0,323798705.0,0.0,0.0,836904.0,0.0,0.0,0.0,0.0,0.0,0.0,0.0,0.0,3543775.1658269875,0.0,0.0,9159.393059898955,3543775.1658269875,0.0,0.0,9159.393059898955,400128,31.0,1.0,0.532967032967033,182,3126,0.0,77158.0,0.02711887083221546,9951.50497616689,2816528.0,0.0,76619.0,31.0,128.0,1.0,1.0629682540893555,0.0,68939.24175824175,0.02437066321281177,4858.122822201792,2756447.5164835164,0.0,68854.48351648351,3.697802197802198,119.92857142857143,0.9402197802197803,0,182,3126,4379.151762055444,34.21212314105816,1066.943376411853,27.24246430672764,31.229294678856302,33.356969820438174,118.90409048646688,642.0455565676093,877.2827363573015
015-s1-knee-confirm-0.85-seed-2026082501,s1-knee-confirm-0.85-seed-2026082501,BAL,True,False,,34.0,100000.0,3400000.0,0.0,0.0,0.0,911.0,0.0,133773418.0,0.0,282881721.0,149108303.0,0.0,0.0,0.0,0.0,0.0,0.0,82446028800.0,82432293412.37158,376999997440.0,0.0,0.0,0.0,9.960924596076737,0.0,1462685.982060872,0.0,3093044.4483967256,1630358.4663358536,True,True,True,True,True,True,True,True,8192,3240.396209061146,3904.0796700865026,4136.90670594573,91.45737338066101,0.0016052244055085958,105809.67199993134,0.005556178151597612,105783.97499990463,2,0.0,0.0,0.0,0.1533406352683461,0.0,1.0,4.0,0.0,93.5348626080307,700.0,0.07561214396559118,2.3319097494113814,0.0,100.0,99.9991391053847,22.28029997242802,0.0,18.47096480945115,0.10875461436808109,88.0,2619.0,11567169536.0,85520809984.0,81691672576.0,42325.11626203171,41735.962855336635,78.90237636521506,43.611505151983266,658.9,755.44,0.0,88.5835941725832,1980.0,40.81756975613091,65.0,22.280267369194487,0.10875248908996582,0.6133625410733844,0.0,53.858437968798505,700.0,0.02197573233539816,1.7894118130675805,0.0,92.84830230010952,91.02629631667666,9.982714422488693,0.0,15.954702231813194,0.10017029308435493,68.76725082146768,2619.0,4294726147.9255204,85520809984.0,81226083836.07448,11138.064034616038,9843.391363644763,34.32802680909094,10.661346768596516,576.5746549835707,577.8329512595838,0.0,76.68679846439721,1977.5602409638554,32.36043853959235,58.43099671412924,9.982714387240849,0.005091739245025008,0.10875248908996582,0.9982792707154841,1826,94,94,0,1969664,105639.82373209819,214.8786229528109,27.504463737959796,128,0.0,0.0,0.0,0.0,0.0,0.0,0.0,0.0,396011574.0,0.0,0.0,1026270.0,396011574.0,0.0,0.0,1026270.0,0.0,0.0,0.0,0.0,0.0,0.0,0.0,0.0,4330012.544223559,0.0,0.0,11221.293178063306,4330012.544223559,0.0,0.0,11221.293178063306,492416,53.0,8.0,0.7704918032786885,183,3847,0.0,78186.0,0.02763810735985038,9928.447521504826,2825302.0,0.0,78086.0,53.0,128.0,1.0,1.0178706645965576,0.0,70600.48633879781,0.02469682500173017,5805.833508775369,2755526.010928962,0.0,69775.98907103825,11.103825136612022,120.57377049180327,0.9572677595628415,0,183,3847,5384.103892318027,42.063311658734584,1156.9288302161667,22.27982306691605,25.844693835091398,27.6355231004789,380.32071851193905,1011.7417795583606,1257.2992051392794
016-s1-knee-confirm-0.85-seed-2026082502,s1-knee-confirm-0.85-seed-2026082502,BAL,True,False,,34.0,100000.0,3400000.0,0.0,0.0,0.0,905.0,0.0,116728804.0,0.0,263515100.0,146786296.0,0.0,0.0,0.0,0.0,0.0,0.0,82460061696.0,82444603617.05495,376999997440.0,0.0,0.0,0.0,9.911962798624653,0.0,1278465.8152220426,0.0,2886134.660857299,1607668.845635256,True,True,True,True,True,True,True,True,8192,3201.0256983339787,3788.4500744752586,4020.007505249232,91.30381321907043,0.0013100701558998664,105416.25099992752,0.020112688110691085,105289.40100002289,2,0.0,0.0,0.0,0.17453347969264543,0.0,1.0,4.0,0.0,100.0,700.0,0.07391389541641555,2.3437535341489015,0.0,100.0,99.99885594933336,22.10317287249069,0.0,18.957550678422074,0.10048065520823002,87.0,2619.0,11552489472.0,85520809984.0,80729079808.0,25669.602518704127,25552.737674470976,80.95634792934085,43.96199653089993,644.891,760.303,0.0,88.40194492987554,1980.0,39.731889534438366,65.0,22.103206595254495,0.10048055648803711,0.6981339187705817,0.0,53.252180117609704,700.0,0.0215613243260525,1.7595781720509427,0.0,92.34467618002195,90.51052036221269,9.894702101942906,0.0,15.847666179474286,0.10014185490358608,67.8589462129528,2619.0,5214994288.122942,85520809984.0,80305815695.87706,10949.98460150692,9677.198848647098,34.497141663680225,10.57022030924662,575.4642189901208,577.3523924259056,0.0,76.18786849442644,1977.0362239297476,31.877294373242385,58.98188803512623,9.894702127850524,0.016250745006555864,0.10048055648803711,0.9977677469112772,1822,94,94,0,1934336,105278.14831554567,217.9895343930476,27.90266040231009,128,0.0,0.0,0.0,0.0,0.0,0.0,0.0,0.0,386886828.0,0.0,0.0,1004654.0,386886828.0,0.0,0.0,1004654.0,0.0,0.0,0.0,0.0,0.0,0.0,0.0,0.0,4237356.736368945,0.0,0.0,11003.417760761826,4237356.736368945,0.0,0.0,11003.417760761826,483584,53.0,4.0,0.7197802197802198,182,3778,0.0,78102.0,0.02768907536256301,10158.86256446273,2816598.0,0.0,78230.0,53.0,128.0,1.0,0.9928076267242432,0.0,71070.34065934065,0.02481619372309288,5585.683477836551,2755188.758241758,0.0,70113.24175824175,7.285714285714286,120.85164835164835,0.9624175824175825,0,182,3778,5296.42720222111,41.37833751735242,1154.5656997588515,22.611098415328293,25.88140770176968,27.2249540717407,277.21821796149015,831.9217438809571,1063.3664798364043
017-s1-mrr-screen-mrr-32_chunk-8192_cache-off,s1-mrr-screen-mrr-32_chunk-8192_cache-off,BAL,False,False,,34.0,100000.0,3400000.0,0.0,0.0,0.0,746.0,0.0,109468573.0,0.0,198063246.0,88594673.0,0.0,0.0,0.0,0.0,0.0,0.0,82588442624.0,82457486704.64,376999997440.0,0.0,0.0,0.0,9.94513417423896,0.0,1459356.0942995609,0.0,2640436.4027550914,1181080.3084555306,False,True,True,True,True,True,True,False,8192,20281.075105071068,36598.172401078045,38050.504251383245,75.01155710220337,0.0019359936678272109,71031.33499956131,0.004816785272066722,71003.02899980545,2,0.0,0.0,0.0,0.03137516688918558,0.0,1.0,4.0,0.0,62.3848506500086,700.0,0.057250543437279235,1.810464675091092,0.0,100.0,99.99706697522296,17.879460354703838,0.0,17.37285650640682,0.1004446242004633,62.0,2619.0,11724455936.0,85520809984.0,75064672256.0,20590.71643224542,20348.261164669904,898.2080345337992,68.22858168363787,507.222,755.482,0.0,83.81588731754215,1980.0,34.53620533353404,63.0,17.879463867984494,0.1004488468170166,0.12550066755674233,0.0,44.65121751317829,700.0,0.011675513237091359,1.0489738536186013,0.0,98.1214953271028,97.85726028801648,6.1625301578743015,0.0,14.343131436264025,0.10013446616672865,56.871829105473964,2619.0,10796624153.634178,85520809984.0,74724185830.36581,6020.323415336175,5324.955058628034,29.093396342193152,9.002024896988091,471.5748477970628,473.02746461949266,0.0,72.20994003180503,1979.469292389853,27.781063639207897,57.255674232309744,6.1625301559630055,0.012638440441310645,0.1004488468170166,0.998512801140078,1498,77,77,0,845312,70893.81878478485,336.1189004749078,43.023219260788196,32,0.0,0.0,0.0,0.0,0.0,0.0,0.0,0.0,183650550.0,0.0,0.0,472611.0,183650550.0,0.0,0.0,472611.0,0.0,0.0,0.0,0.0,0.0,0.0,0.0,0.0,2448296.730459492,0.0,0.0,6300.509124961461,2448296.730459492,0.0,0.0,6300.509124961461,211328,977.0,571.0,0.9866666666666667,150,2036,0.0,20003.0,0.006365909144690684,3809.061275696816,3123030.0,0.0,19907.0,977.0,32.0,1.0,1.0627806186676025,0.0,18145.92,0.005739964853777345,2985.3617425661505,3109176.4066666667,0.0,17949.593333333334,559.96,29.14,0.9902,0,150,1651,2817.2725399109536,22.009941718054325,946.9385484530204,10.705956793206884,11.151421023166087,12.613752424188956,18915.93912616372,35292.89305862039,36710.65514907241
018-s1-mrr-screen-mrr-64_chunk-8192_cache-off,s1-mrr-screen-mrr-64_chunk-8192_cache-off,BAL,True,False,,34.0,100000.0,3400000.0,0.0,0.0,0.0,567.0,0.0,80979991.0,0.0,158999032.0,78019040.0,0.0,0.0,0.0,0.0,0.0,0.0,82603614208.0,82567445665.6842,376999997440.0,0.0,0.0,0.0,9.896692498887358,0.0,1413463.9673539079,0.0,2775246.0799378324,1361782.0951294403,True,True,True,True,True,True,True,True,8192,7831.107125617564,12357.051199302077,12960.897860117257,57.29186797142029,0.002397920777342195,63280.948999881744,0.007717810750584284,63280.948999881744,2,0.0,0.0,0.0,0.13263525305410123,0.0,1.0,4.0,0.0,63.369699990520424,700.0,0.07584085759547173,2.1104549768958094,0.0,100.0,99.99868737851345,22.284798793674604,0.0,18.080894869399273,0.10041920095682144,79.0,2619.0,11722358784.0,85520809984.0,76320866304.0,25875.659690205866,25875.654692855664,947.8214363037291,72.95095793036519,594.154,760.134,0.0,85.69730979059248,1980.0,38.62954013554443,66.0,22.28478355954823,0.10042023658752441,0.5305410122164049,0.0,54.10190264201111,700.0,0.01944184618104976,1.5507175232586676,0.0,96.32984293193718,96.66283771510155,8.917514685082159,0.0,16.313194027366784,0.1001373422096433,68.68760907504362,2619.0,9574570159.13438,85520809984.0,75946239824.86562,9596.970320392824,8483.005700656968,34.677872771016915,10.799224535692238,549.0900034904014,553.2758019197207,0.0,77.13016110996536,1977.8664921465968,34.009914482755136,55.4956369982548,8.917514685018688,0.004665011796830765,0.10042023658752441,1.0001419403637488,1146,59,59,0,1042432,63432.69170229849,242.82043912651088,31.08101620819339,64,0.0,0.0,0.0,0.0,0.0,0.0,0.0,0.0,210373257.0,0.0,0.0,549784.0,210373257.0,0.0,0.0,549784.0,0.0,0.0,0.0,0.0,0.0,0.0,0.0,0.0,3671956.67463563,0.0,0.0,9596.196100190982,3671956.67463563,0.0,0.0,9596.196100190982,260608,421.0,221.0,0.956140350877193,114,2036,0.0,39614.0,0.01289865118925445,7385.87578138112,3021398.0,0.0,39038.0,421.0,64.0,1.0,1.0588529109954834,0.0,36003.69298245614,0.011359058408653809,5245.827443182777,2992139.6052631577,0.0,34378.39473684211,211.55263157894737,61.19298245614035,0.9481578947368421,0,114,2036,4548.77819885368,35.537329678544374,1104.5363197347497,12.838506081148864,14.297452641607034,17.037926919347658,6253.788981586695,10990.635237656534,11603.339507896453
019-s1-mrr-screen-mrr-128_chunk-8192_cache-off,s1-mrr-screen-mrr-128_chunk-8192_cache-off,BAL,True,False,,34.0,100000.0,3400000.0,0.0,0.0,0.0,465.0,0.0,65426680.0,0.0,137866913.0,72440232.0,0.0,0.0,0.0,0.0,0.0,0.0,82707382272.0,82689177469.2766,376999997440.0,0.0,0.0,0.0,9.903305147528119,0.0,1393420.1652251077,0.0,2936210.987498304,1542790.800975766,True,True,True,True,True,True,True,True,8192,3196.842077188194,4241.659091319889,4476.192869059742,46.95402121543884,0.0018773667734067114,54503.453999996185,0.0014131698311034265,54478.864000320435,2,0.0,0.0,0.0,0.12260127931769722,0.0,1.0,4.0,0.0,100.0,700.0,0.07590771012188162,2.3497077028863793,0.0,100.0,99.99852014942839,22.36445589146126,0.0,18.457747782633945,0.10069912485778332,88.0,2619.0,11581849600.0,85520809984.0,81544871936.0,25885.331180070963,25885.34117850321,833.3367328100858,63.375245282246155,658.753,764.122,0.0,86.44054896389194,1980.0,40.60432320105154,66.0,22.36444288620489,0.10069966316223145,0.4904051172707889,0.0,54.16887104835048,700.0,0.023371795569352326,1.8660483788660318,0.0,93.54584221748401,93.23548766388694,10.31077936197262,0.0,16.34504594478729,0.10013888891873711,68.64605543710022,2619.0,4597939036.2473345,85520809984.0,80922870947.75267,11683.920723536674,10323.526268629654,38.568184586725614,11.024520677106686,576.6519509594883,581.9867921108741,0.0,78.39267151951134,1978.049040511727,33.025699267696226,55.282515991471215,10.310779358691216,0.007114038350153647,0.10069966316223145,0.9988494869227286,938,49,49,0,1042432,54605.77697357168,209.1396043099068,26.769869351668067,128,0.0,0.0,0.0,0.0,0.0,0.0,0.0,0.0,208567955.0,0.0,0.0,541778.0,208567955.0,0.0,0.0,541778.0,0.0,0.0,0.0,0.0,0.0,0.0,0.0,0.0,4441961.510453576,0.0,0.0,11538.479260682772,4441961.510453576,0.0,0.0,11538.479260682772,260608,63.0,13.0,0.776595744680851,94,2036,0.0,79354.0,0.027925864208498772,10083.418138088533,2820694.0,0.0,78899.0,63.0,128.0,1.0,1.0170142650604248,0.0,69166.03191489361,0.02341597539932353,6886.646815599939,2759144.7978723403,0.0,66157.20212765958,18.53191489361702,116.19148936170212,0.9196808510638298,0,94,2036,5550.280748144103,43.361568344875806,1160.783519475751,20.710170305678695,24.998279673406692,29.65260112408815,565.7024225220084,1478.8447208702564,1646.4705040678384
020-s1-mrr-screen-mrr-256_chunk-8192_cache-off,s1-mrr-screen-mrr-256_chunk-8192_cache-off,BAL,True,False,,34.0,100000.0,3400000.0,0.0,0.0,0.0,466.0,0.0,55861346.0,0.0,141701655.0,85840309.0,0.0,0.0,0.0,0.0,0.0,0.0,82963001344.0,82906483298.04256,376999997440.0,0.0,0.0,0.0,9.929754125269378,0.0,1190320.6671386268,0.0,3019447.62509388,1829126.9579552535,True,True,True,True,True,True,True,True,8192,5720.395698212087,6886.456418316811,7649.723028019071,46.92966151237488,0.00027383546301549687,52670.04800033569,0.009942451328517298,52670.04800033569,2,0.0,0.0,0.0,0.10767590618336886,0.0,1.0,4.0,0.0,71.83610287195064,700.0,0.07538788370539215,3.111565513200655,0.0,100.0,99.99949293608414,21.984770347447913,0.0,18.859386340532637,0.10030550137162209,91.0,2619.0,11330191360.0,85520809984.0,85378924544.0,26669.68270480254,25785.359714082646,869.9605357111479,67.30134870265444,665.556,758.741,0.0,89.54025215871215,1980.0,39.415336988219345,67.0,21.98478157448247,0.10030651092529297,0.43070362473347545,0.0,49.137705314730496,700.0,0.021788589434002865,1.8125793745034329,0.0,87.0682302771855,84.44130067593183,10.0442228403751,0.0,14.879635136864923,0.10014792033302378,62.5682302771855,2619.0,5784669954.729211,85520809984.0,79736140029.27078,11283.666863772345,9960.820455248175,38.231993948353214,10.386103972464863,556.1595874200426,561.2506247334754,0.0,72.34931681108058,1978.272921108742,28.94613185100121,54.304904051172706,10.044222859282614,0.005584770135072722,0.10030651092529297,0.9993679581011455,938,49,49,0,1042432,52655.62507335447,202.10449410737849,25.869375245744447,256,0.0,0.0,0.0,0.0,0.0,0.0,0.0,0.0,207798396.0,0.0,0.0,537352.0,207798396.0,0.0,0.0,537352.0,0.0,0.0,0.0,0.0,0.0,0.0,0.0,0.0,4427869.055590901,0.0,0.0,11450.15716463895,4427869.055590901,0.0,0.0,11450.15716463895,260608,77.0,0.0,0.4574468085106383,94,2036,0.0,153341.0,0.06365261033402535,13356.105401338244,2422870.0,0.0,154222.0,77.0,256.0,1.0,0.8047783374786377,0.0,128489.34042553192,0.05367576205781626,6328.690840470757,2292820.6063829786,0.0,130049.39361702128,8.51063829787234,229.58510638297872,0.8948936170212766,0,94,2036,5553.161723343781,43.38407596362329,1122.318940792853,42.06820160121195,50.25299512011212,59.800097739367985,187.71955464035273,1400.5666747689247,2166.447766125203
021-s2-capacity-c64,s2-capacity-c64,PF,True,False,,34.0,100000.0,3400000.0,0.0,0.0,0.0,85.0,0.0,9364386.0,0.0,17075719.0,7711333.0,0.0,0.0,0.0,0.0,0.0,0.0,82734891008.0,82725834752.0,376999997440.0,0.0,0.0,0.0,9.344371415681973,0.0,1029462.3631036759,0.0,1877198.3591272656,847735.9960235896,True,True,True,True,True,True,True,True,8192,9053.34280245006,9069.039114471525,9072.295341882855,9.09638500213623,0.012187230690092834,11674.31800031662,0.0015827600900955882,11649.635000228882,2,0.0,0.0,0.0,0.2222222222222222,0.0,1.0,4.0,0.0,65.68278276617373,700.0,0.07121633413775136,2.538726421183186,0.0,100.0,99.99557359772552,23.635661949318923,0.0,17.049375521508612,0.16541685536503792,83.0,2619.0,11607015424.0,85520809984.0,76893388800.0,24248.931857029198,24246.9870362893,1243.1763565482347,93.5094842106812,685.372,741.5,0.0,83.57861428009096,1980.0,34.469234958647704,62.0,23.63566285483816,0.16541790962219238,0.8888888888888888,0.0,42.32039539829258,700.0,0.052978528630441425,2.1196403189423716,0.0,91.2611111111111,90.11303304040072,18.837897030519954,0.0,14.767652018827153,0.10093270227726962,54.044444444444444,2619.0,10148850346.666666,85520809984.0,75371959637.33333,18940.231697602772,18735.13124812475,44.57209490065568,12.272980790884906,617.1351611111111,639.08235,0.0,73.93760826513666,1976.3333333333333,29.768500352990777,53.333333333333336,18.83789700118727,0.011084209726828314,0.16541790962219238,0.9894040322486796,180,11,11,0,524288,11532.040393697258,1425.087646523025,182.41121875494719,128,0.0,0.0,0.0,0.0,0.0,0.0,0.0,0.0,6018417.0,0.0,0.0,15295.0,6018417.0,0.0,0.0,15295.0,0.0,0.0,0.0,0.0,0.0,0.0,0.0,0.0,661627.3386171112,0.0,0.0,1681.4371859159505,661627.3386171112,0.0,0.0,1681.4371859159505,8192,58.0,26.0,0.8333333333333334,18,64,0.0,529408.0,0.18740368286292935,5697.92690072094,2808918.0,0.0,529472.0,58.0,64.0,0.5,0.516221284866333,0.0,58680.88888888889,0.10792002648448437,325.1291073209679,2520395.3333333335,0.0,304906.6666666667,25.22222222222222,35.44444444444444,0.2911111111111111,0,18,64,900.5775369090203,7.035762007101721,1283.4019225851785,40.18867685364222,66.1638547791036,68.48531532533994,3949.3530448526144,7304.688444174825,7573.136035427451
022-s2-capacity-c128,s2-capacity-c128,PF,True,False,,34.0,100000.0,3400000.0,0.0,0.0,0.0,167.0,0.0,20321475.0,0.0,35792830.0,15471355.0,0.0,0.0,0.0,0.0,0.0,0.0,82800021504.0,82771626744.68571,376999997440.0,0.0,0.0,0.0,9.704587755813217,0.0,1180907.4099704456,0.0,2079968.0225383472,899060.6125679017,True,True,True,True,True,True,True,True,8192,17104.00872863829,17143.887056969106,17148.593199644238,17.20835590362549,0.009422841132694969,22937.302999973297,0.004652039982397819,22817.44000005722,2,0.0,0.0,0.0,0.43567251461988304,0.0,1.0,4.0,0.0,72.63810542700581,700.0,0.07141824250882392,3.378319196183875,0.0,100.0,99.999208290263,23.81572061373379,0.0,17.101385658254568,0.1173638142645359,92.0,2619.0,11403591680.0,85520809984.0,82369052672.0,24246.348154276795,24246.343155199826,1219.0627903518043,90.9036028011303,691.389,754.009,0.0,86.42351864454047,1980.0,34.521334262802704,67.0,23.815726262493516,0.11736392974853516,1.7426900584795322,0.0,42.957459470503764,700.0,0.05730679068152926,2.2811797301516696,0.0,93.0233918128655,92.68243806648553,20.23219441370507,0.0,15.306129595092282,0.10024352623313143,55.01169590643275,2619.0,8264917998.035088,85520809984.0,77255891985.9649,20449.93058894609,20233.154366385566,39.373905838210746,12.604000684371428,652.1653099415205,665.1276608187135,0.0,76.84787612694608,1973.2894736842106,30.723549605107127,57.95614035087719,20.23219446369651,0.002112441121465069,0.11736392974853516,0.9937032971521318,342,19,19,0,1048576,22721.16843779206,1399.981872556964,179.19767968729138,128,0.0,0.0,0.0,0.0,0.0,0.0,0.0,0.0,15775245.0,0.0,0.0,34853.0,15775245.0,0.0,0.0,34853.0,0.0,0.0,0.0,0.0,0.0,0.0,0.0,0.0,916720.0567182854,0.0,0.0,2025.3532757686112,916720.0567182854,0.0,0.0,2025.3532757686112,16384,120.0,51.0,0.8571428571428571,35,128,0.0,1063936.0,0.3748073657258587,8019.7315298571875,2825302.0,0.0,1058944.0,120.0,128.0,1.0,0.5108180046081543,0.0,577126.4,0.19658180662759997,233.42392521061134,2269899.0285714287,0.0,555402.9714285714,52.97142857142857,65.97142857142858,0.5291428571428571,0,35,128,952.0956035403817,7.438246902659232,1332.9165858977162,73.92077516089743,126.4022235538605,130.84123518581936,7714.256225153804,14321.207921020687,14910.424296166748
023-s2-capacity-c256,s2-capacity-c256,PF,False,False,,34.0,100000.0,3400000.0,0.0,0.0,0.0,418.0,0.0,38528019.0,0.0,70504846.0,31976826.0,0.0,0.0,0.0,0.0,0.0,0.0,82686263296.0,82672151942.09525,376999997440.0,0.0,0.0,0.0,9.91485483129695,0.0,913874.9170393556,0.0,1672357.208117099,758482.267357995,True,True,True,False,False,True,True,True,8192,33497.1534088254,41963.57621392235,41970.99707433954,42.158963203430176,0.007032440550723279,47853.6920003891,0.004450265911278715,47853.6920003891,2,0.0,0.0,0.0,0.5614035087719298,0.0,1.0,4.0,0.0,73.59782269109266,700.0,0.0716582639080927,3.3994271907095883,0.0,100.0,99.99903176871614,23.753174006164667,0.0,17.153724392394217,8.018329409882426,93.0,2619.0,11210653696.0,85520809984.0,78912946176.0,31408.832343121576,31405.431847848668,60.276407961161944,30.877899344068535,691.162,759.387,0.0,87.94150391841609,1980.0,35.49842018279427,69.0,23.75318006839296,8.01833176612854,2.245614035087719,0.0,43.009709602510355,700.0,0.056641756072133786,2.2733473844205316,0.0,92.64181286549707,92.33812383571971,20.071122353235076,0.0,15.230572453385067,0.12329999794802296,54.87573099415204,2619.0,8165726387.649123,85520809984.0,77355083596.35088,20222.18952426516,19995.8963136752,31.79839436996835,11.774793225429717,650.0333611111112,665.5919941520468,0.0,76.50840292921751,1970.7894736842106,30.59998792485809,60.60818713450293,20.071122388344556,0.002633328632644804,8.01833176612854,0.8112153952879322,684,38,38,0,2097152,47517.16375626374,1460.3787841915619,186.92848437651992,128,0.0,0.0,0.0,0.0,0.0,0.0,0.0,0.0,62680211.0,0.0,0.0,71248.0,62680211.0,0.0,0.0,71248.0,0.0,0.0,0.0,0.0,0.0,0.0,0.0,0.0,1486758.8345934502,0.0,0.0,1689.984634019725,1486758.8345934502,0.0,0.0,1689.984634019725,32768,241.0,139.0,0.9285714285714286,84,256,0.0,1063936.0,0.37661956137786334,8017.612436414954,2825302.0,0.0,1064064.0,241.0,128.0,1.0,1.3135857582092285,0.0,1063399.619047619,0.22232242783249367,3182.5603867823106,2197174.0,0.0,628128.0,122.46428571428571,74.79761904761905,0.5992857142857143,0,84,256,777.2487155788001,6.072255590459376,1135.0775342714212,99.93521094791532,182.14113276275828,185.44793309071872,24031.962676905096,38401.74502925947,39580.876674409956
024-s2-chunk-screen-mrr-128_chunk--1_cache-off,s2-chunk-screen-mrr-128_chunk--1_cache-off,PF,True,False,,34.0,100000.0,3400000.0,0.0,0.0,0.0,460.0,0.0,43488563.0,0.0,107402620.0,63914058.0,0.0,0.0,0.0,0.0,0.0,0.0,81829900288.0,81808656802.4086,376999997440.0,0.0,0.0,0.0,9.86438022661613,0.0,932582.0020459779,0.0,2303174.5239451434,1370592.5433434704,True,True,True,True,True,True,True,True,-1,4361.477268859744,7736.897653713824,8204.010555371642,46.63242793083191,0.0010437022713182679,57453.40699958801,0.0026010134983631603,57319.10300016403,2,0.0,0.0,0.0,0.5634408602150538,0.0,1.0,4.0,0.0,65.5112527860743,700.0,0.08301247501072187,2.83207945696758,0.0,100.0,99.99666990920181,27.116859521681665,0.0,19.32020601344895,0.10074801370501518,83.0,2619.0,13481869312.0,85520809984.0,76157288448.0,26487.876752313095,26401.640556901697,3364.582990094569,236.90972663211832,700.259,788.594,0.0,87.77583402175327,1980.0,35.78172385242144,69.0,27.1168563144792,0.10076165199279785,2.253763440860215,0.0,42.96167794673621,700.0,0.04922410707504578,1.9910199539449138,0.0,95.90967741935484,95.44040669576556,17.721284001258226,0.0,15.070286858763206,0.10012551690301587,55.186021505376345,2619.0,10064566258.787096,85520809984.0,75456243725.2129,17434.696872353383,17221.441126218102,53.018360468727835,11.52880147882039,612.1355645161291,618.3757096774193,0.0,75.40728940347039,1957.774193548387,29.65064294237891,58.30215053763441,17.721283999179906,0.003692417735670111,0.10076165199279785,0.9971601750818478,930,49,49,0,2416640,57513.371250968456,1521.5414989297674,194.75731186301022,128,0.0,0.0,0.0,0.0,0.0,0.0,0.0,0.0,71133568.0,0.0,0.0,85137.0,71133568.0,0.0,0.0,85137.0,0.0,0.0,0.0,0.0,0.0,0.0,0.0,0.0,1525409.916582291,0.0,0.0,1825.7037812030815,1525409.916582291,0.0,0.0,1825.7037812030815,37760,4.0,0.0,0.1827956989247312,93,295,0.0,534099.0,0.18986678238290985,5392.029637341071,2825302.0,0.0,536431.0,4.0,65.0,0.51,0.7363941669464111,0.0,201831.3440860215,0.08091608103891118,1137.4019992727985,2596689.634408602,0.0,228612.36559139786,0.2903225806451613,26.50537634408602,0.21655913978494623,0,93,295,809.7369507761414,6.326069927938605,1232.0483738227495,31.081100089812843,58.42961005602531,62.627879787441785,333.9575733989477,831.0896800830961,992.8138872236013
025-s2-chunk-screen-mrr-128_chunk-2048_cache-off,s2-chunk-screen-mrr-128_chunk-2048_cache-off,PF,True,False,,34.0,100000.0,3400000.0,0.0,0.0,0.0,521.0,0.0,41384342.0,0.0,118264619.0,76880277.0,0.0,0.0,0.0,0.0,0.0,0.0,82559795200.0,82495980417.21906,376999997440.0,0.0,0.0,0.0,9.882465811435107,0.0,784989.145765332,0.0,2243274.575757963,1458285.4299926313,True,True,True,True,True,True,True,True,2048,16354.16597686708,24707.659987732768,25554.2518408224,52.71963596343994,0.0007023672955506671,65110.509999752045,0.0038318122824003544,65110.509999752045,2,0.0,0.0,0.0,0.0,0.0,1.0,0.0,0.0,73.46926403694371,700.0,0.04325431920319292,3.235815173566804,0.0,100.0,99.99760749633747,19.313457071788847,0.0,17.01723146174246,0.10065358877182007,93.0,2619.0,12636717056.0,85520809984.0,82090131456.0,17618.315431462077,17613.46158706535,859.9608940227056,64.24145054486745,652.981,721.088,0.0,87.36173666362963,1980.0,35.91963174307007,67.0,19.313457001714465,0.10065650939941406,0.0,0.0,43.09708788890593,700.0,0.036616109421238385,1.798687948748554,0.0,92.10815939278937,92.04125085848486,17.151337825100804,0.0,15.400277694529235,0.10013887122895505,55.442125237191654,2619.0,6158010216.4402275,85520809984.0,79362799767.55977,15420.702495927864,15238.151561000202,48.06356263068475,11.687952192046689,614.4606850094876,617.845729601518,0.0,77.54981876894661,1980.0,28.28011820680011,58.294117647058826,17.151337823528817,0.0034174582513899505,0.10065650939941406,0.9996275398514974,1054,55,55,0,2416640,65156.241492572495,1724.3249470273317,220.71359321949845,128,0.0,0.0,0.0,0.0,0.0,0.0,0.0,0.0,74088955.0,0.0,0.0,86305.0,74088955.0,0.0,0.0,86305.0,0.0,0.0,0.0,0.0,0.0,0.0,0.0,0.0,1405338.8959548066,0.0,0.0,1637.0560688213186,1405338.8959548066,0.0,0.0,1637.0560688213186,37760,28.0,14.0,0.9428571428571428,105,295,0.0,1053975.0,0.37183494012321516,7759.592898013251,2819158.0,0.0,1050546.0,28.0,127.0,0.99,0.9933567047119141,0.0,639746.1619047619,0.226693635212229,2430.2578555146592,2184824.019047619,0.0,640477.9809523809,12.857142857142858,77.02857142857142,0.609904761904762,0,105,295,716.2416680226289,5.595638031426788,1235.0333762718874,113.76001129997528,169.25070192664862,171.73971406675463,2448.181601241231,5555.318632908173,6559.093255735934
026-s2-chunk-screen-mrr-128_chunk-4096_cache-off,s2-chunk-screen-mrr-128_chunk-4096_cache-off,PF,False,False,,34.0,100000.0,3400000.0,0.0,0.0,0.0,470.0,0.0,58338939.0,0.0,109976380.0,51637441.0,0.0,0.0,0.0,0.0,0.0,0.0,82675695616.0,82630099590.73685,376999997440.0,0.0,0.0,0.0,9.866386019381666,0.0,1224669.1322024676,0.0,2308658.3363706497,1083989.204168182,True,True,True,False,True,True,True,True,4096,7423.261331394315,17059.310399740934,17880.53806811571,47.63649010658264,0.004664811191186447,60703.578000068665,0.0036237628247231504,60703.578000068665,2,0.0,0.0,0.0,0.5074152542372882,0.0,1.0,4.0,0.0,72.64035805770696,700.0,0.055221736379536666,3.0682637918094144,0.0,100.0,99.99874702178222,22.147669576498178,0.0,19.714599557248334,0.32830289751291275,92.0,2619.0,12332630016.0,85520809984.0,85344911360.0,21845.84992217291,21843.404294490138,2475.1757287260853,169.68072976237082,693.176,765.783,0.0,87.95532341741414,1980.0,36.589502742572435,70.0,22.14768186233305,0.32830286026000977,2.0296610169491527,0.0,44.59406701620918,700.0,0.03938475513830387,1.9056223554416376,0.0,93.54449152542372,90.04396708256984,17.208438629782133,0.0,15.405465019581039,0.10105291045255076,57.05296610169491,2619.0,4603066125.016949,85520809984.0,80917743858.98305,16471.939673170997,16272.63239128788,52.83879904316548,12.524758706438307,632.0465052966101,636.8005572033899,0.0,76.92884346836624,1971.165254237288,31.13567771276893,58.851694915254235,17.208438751602856,0.007837953741808235,0.32830286026000977,0.9908370640740737,944,50,50,0,2416640,60420.407270068885,1607.6159427984287,205.77484067819887,128,0.0,0.0,0.0,0.0,0.0,0.0,0.0,0.0,72461971.0,0.0,0.0,85030.0,72461971.0,0.0,0.0,85030.0,0.0,0.0,0.0,0.0,0.0,0.0,0.0,0.0,1521144.2076834887,0.0,0.0,1784.9761770809,1521144.2076834887,0.0,0.0,1784.9761770809,37760,9.0,1.0,0.5578947368421052,95,295,0.0,1024538.0,0.37168026639276086,5950.239916932643,2817110.0,0.0,1050109.0,9.0,126.0,0.99,0.9995300769805908,0.0,316789.2,0.14933895282885268,752.5241012574162,2403374.357894737,0.0,421927.64210526313,1.7263157894736842,50.410526315789475,0.40073684210526317,0,95,295,792.6696512592589,6.19273165046296,1274.308368736855,57.1931572557669,132.0090960007249,138.36527892865067,403.3490289002657,1103.2081995159388,1367.1993627026677
027-s2-chunk-screen-mrr-128_chunk-8192_cache-off,s2-chunk-screen-mrr-128_chunk-8192_cache-off,PF,True,False,,34.0,100000.0,3400000.0,0.0,0.0,0.0,465.0,0.0,53363689.0,0.0,92261101.0,38897412.0,0.0,0.0,0.0,0.0,0.0,0.0,82826465280.0,82747615362.7234,376999997440.0,0.0,0.0,0.0,9.892439607303162,0.0,1135262.517538512,0.0,1962768.5370877362,827506.0195492243,True,True,True,True,True,True,True,True,8192,5374.439483508468,10112.50263992697,10541.257456243038,47.00559401512146,0.0011569689339021663,58960.700999736786,0.0005730280122540463,58935.914999485016,2,0.0,0.0,0.0,0.47761194029850745,0.0,1.0,4.0,0.0,66.11143703466055,700.0,0.0716365910193904,2.4659664571446807,0.0,100.0,99.99828280786711,24.08582858970914,0.0,17.44189630179129,0.10078040696680546,84.0,2619.0,11607015424.0,85520809984.0,79149924352.0,24273.403393239783,24273.413402560465,3464.5597771878943,231.40284103668472,697.214,757.439,0.0,83.61587361754283,1980.0,35.7101265126536,71.0,24.085789578281876,0.1037299633026123,1.9104477611940298,0.0,43.95836192530189,700.0,0.04760324039791618,1.9294676582198977,0.0,96.74413646055437,94.43960142265638,17.293843629342604,0.0,14.721284747923667,0.10014006279424818,56.23560767590618,2619.0,8225620736.545842,85520809984.0,77295189247.45416,17034.464042735297,16826.18362907347,49.578738949759106,12.522907659740252,623.484342217484,627.7051609808102,0.0,74.349573406614,1969.9253731343283,29.6573562778,60.002132196162044,17.293843691358788,0.004596620820579155,0.1037299633026123,0.997753586198964,938,49,49,0,2416640,58892.485300358996,1561.459242577775,199.86678304995522,128,0.0,0.0,0.0,0.0,0.0,0.0,0.0,0.0,71773403.0,0.0,0.0,86363.0,71773403.0,0.0,0.0,86363.0,0.0,0.0,0.0,0.0,0.0,0.0,0.0,0.0,1526911.9453508207,0.0,0.0,1837.2919608720924,1526911.9453508207,0.0,0.0,1837.2919608720924,37760,6.0,0.0,0.30851063829787234,94,295,0.0,676285.0,0.23307490668254224,5419.127770708931,2825302.0,0.0,658507.0,6.0,82.0,0.62,0.9771959781646729,0.0,237031.37234042553,0.09927380837931737,1013.779628461868,2544823.510638298,0.0,280478.4893617021,0.7978723404255319,33.48936170212766,0.26563829787234045,0,94,295,803.30864424036,6.275848783127812,1254.333707191732,37.1994095612464,77.45326419368268,80.12859876465609,303.35531383752823,839.5384322851896,960.9218882396817
028-s2-interaction-mrr-128_chunk-8192_cache-off,s2-interaction-mrr-128_chunk-8192_cache-off,PF,False,False,,34.0,100000.0,3400000.0,0.0,0.0,0.0,530.0,0.0,53880627.0,0.0,93371396.0,39490768.0,0.0,0.0,0.0,0.0,0.0,0.0,82873319424.0,82814667575.02803,376999997440.0,0.0,0.0,0.0,9.93065112343511,0.0,1009565.4887715814,0.0,1749507.091668122,739941.5841594628,True,False,True,False,False,True,True,True,8192,9894.914288073778,18132.61711783707,19278.37994340807,53.370115756988525,0.03963880873694319,61908.047999858856,0.0002307497057941681,61768.97800016403,2,0.0,0.0,0.0,0.4492273730684327,0.0,1.0,4.0,0.0,69.86592659095734,700.0,0.07186187474292609,2.766722935775277,0.0,100.0,99.99750193680002,23.622504151108306,0.0,17.259736342375053,8.04444893822074,89.0,2619.0,11607015424.0,85520809984.0,81599397888.0,32348.39619888333,32359.09263666555,3729.5802153073387,254.56503637345998,693.087,754.797,0.0,83.64990346374036,1980.0,36.08414480365949,71.0,23.62251868381398,8.044445037841797,1.7969094922737308,0.0,44.032528937449904,700.0,0.04874853404972519,1.9816738682414563,0.0,95.66666666666667,92.7272808866175,17.655437592510797,0.0,14.699780439200465,0.11768243241043674,56.39955849889625,2619.0,6380287877.933775,85520809984.0,79140522106.06622,17453.217917047874,17236.58821761192,47.20221077941497,12.376091959554413,627.292008830022,638.8551313465783,0.0,73.96061822422024,1971.5066225165563,29.664229031364833,59.55960264900662,17.65543764559077,0.0014562965348654743,8.044445037841797,0.8487896148898312,906,48,48,0,2547712,64362.00927380276,1555.1659967810203,199.0612475879706,128,0.0,0.0,0.0,0.0,0.0,0.0,0.0,0.0,76488333.0,0.0,0.0,89697.0,76488333.0,0.0,0.0,89697.0,0.0,0.0,0.0,0.0,0.0,0.0,0.0,0.0,1433167.830256847,0.0,0.0,1680.6596487146398,1433167.830256847,0.0,0.0,1680.6596487146398,39808,7.0,0.0,0.29906542056074764,107,311,0.0,831399.0,0.29430482121911217,6654.953032253237,2825302.0,0.0,831500.0,7.0,101.0,0.79,1.0045568943023682,0.0,303015.3644859813,0.1525490382280331,880.5815743432088,2394304.8971962617,0.0,430997.1028037383,0.9158878504672897,51.299065420560744,0.4093457943925234,0,107,311,745.8855847579338,5.827231130921358,1159.9758989046663,72.30415488556613,139.188374708018,149.9630907726452,346.70104645192623,951.4151932671666,1059.5526793971649
029-s3-capacity-c64,s3-capacity-c64,PX0,True,False,0.0,34.0,100000.0,3400000.0,0.0,0.0,0.0,45.0,0.0,5838261.0,0.0,10041897.0,4203637.0,0.0,0.0,0.0,0.0,0.0,0.0,82775932928.0,82763338547.2,376999997440.0,0.0,0.0,0.0,8.502209612453832,0.0,1103069.306538096,0.0,1897295.8489038066,794226.731303702,True,True,True,True,True,True,True,True,8192,5267.006136476994,5276.072429586202,5277.8337083384395,5.292741775512695,0.010680297399942314,6449.328000068665,0.014212310047009949,6294.796000003815,2,0.0,0.0,0.0,0.21153846153846154,0.0,1.0,4.0,0.0,64.2469858796222,700.0,0.07315179170122386,2.2522393119065724,0.0,100.0,99.99615760418433,23.01355157429968,0.0,17.634956370992334,0.14857391081750393,82.0,2619.0,11539906560.0,85520809984.0,76184551424.0,25222.81353424295,25222.808536451572,1732.4031688282441,125.76405046787444,684.724,753.45,0.0,85.92977063959194,1980.0,36.55875627825558,60.0,23.013501951199487,0.14857006072998047,0.8461538461538461,0.0,44.2125165765636,700.0,0.04622118599215602,1.8523189797163948,0.0,87.95192307692308,86.99207740255143,16.019424056320002,0.0,14.652822435431085,0.10114474143259801,55.38461538461539,2619.0,10321589799.384615,85520809984.0,75199220184.61539,17029.995470414724,16684.213881924534,68.60449114068615,13.597165489651353,572.0753557692308,617.4290576923077,0.0,72.42139247464442,1976.1057692307693,29.939872098894735,51.24038461538461,16.0194237785036,0.0033645715413668487,0.14857006072998047,0.9824775552168873,104,7,7,0,262144,6380.447258998156,787.2714843833819,100.77075000107288,128,0.0,0.0,0.0,0.0,0.0,0.0,0.0,0.0,4806731.0,0.0,0.0,13515.0,4806731.0,0.0,0.0,13515.0,0.0,0.0,0.0,0.0,0.0,0.0,0.0,0.0,908174.1002817738,0.0,0.0,2553.4969536069675,908174.1002817738,0.0,0.0,2553.4969536069675,8192,61.0,21.0,0.7,10,64,0.0,267264.0,0.09461926548029202,5928.036064782868,2813014.0,0.0,267328.0,61.0,64.0,0.5,0.5041265487670898,0.0,53196.8,0.05812391029348367,617.8665815069305,2661084.4,0.0,164217.6,24.1,37.1,0.311,0,10,64,1547.7800254493732,12.092031448823228,1218.5230781344767,24.367109586404062,36.69459053542553,37.89115718118553,2173.450673930347,3780.4983829148114,3868.696146942675
030-s3-capacity-c128,s3-capacity-c128,PX0,True,False,0.0,34.0,100000.0,3400000.0,0.0,0.0,0.0,84.0,0.0,10392678.0,0.0,18220715.0,7828037.0,0.0,0.0,0.0,0.0,0.0,0.0,82808528896.0,82797978510.22223,376999997440.0,0.0,0.0,0.0,9.022826560706966,0.0,1116325.3701818446,0.0,1957170.848298474,840845.4781166294,True,True,True,True,True,True,True,True,8192,9258.732596412301,9263.916494045407,9264.395819213241,9.309721231460571,0.0008816337017427027,12093.15399980545,0.021097046413501973,12067.476999759674,2,0.0,0.0,0.0,0.45161290322580644,0.0,1.0,4.0,0.0,70.72635043870463,700.0,0.07384556979012236,2.887833631179291,0.0,100.0,99.99776110416086,23.029808949504186,0.0,17.650582036771116,0.10031554289162159,90.0,2619.0,11407785984.0,85520809984.0,79615492096.0,25215.46290194107,25215.46789827496,1125.868544300558,86.52452717919844,694.054,763.793,0.0,87.29580191530528,1980.0,37.00332691698151,63.0,23.02978505894308,0.10031604766845703,1.8064516129032258,0.0,45.78303366052964,700.0,0.05348004385163655,2.113499097878578,0.0,91.74193548387096,90.71388051060849,18.18169997593098,0.0,15.511728114190943,0.1001482721898825,58.06989247311828,2619.0,8890936859.526882,85520809984.0,76629873124.47311,19539.957418780297,19153.851241134504,43.60257531744971,12.878534051933997,625.1626505376344,651.583370967742,0.0,77.05975424076027,1970.8064516129032,31.205755090971927,55.365591397849464,18.18169999088088,0.00242959567692032,0.10031604766845703,0.9989557977925568,186,11,11,0,524288,12082.492267678857,738.1075439334381,94.47776562348008,128,0.0,0.0,0.0,0.0,0.0,0.0,0.0,0.0,11441034.0,0.0,0.0,26904.0,11441034.0,0.0,0.0,26904.0,0.0,0.0,0.0,0.0,0.0,0.0,0.0,0.0,1228934.1125851364,0.0,0.0,2889.882449872145,1228934.1125851364,0.0,0.0,2889.882449872145,16384,117.0,41.0,0.8333333333333334,18,128,0.0,534528.0,0.18923853096058404,8909.825476070806,2813014.0,0.0,534656.0,117.0,128.0,1.0,0.5055065155029297,0.0,298951.1111111111,0.1092829486310962,516.2187611592454,2516544.6666666665,0.0,308757.3333333333,46.666666666666664,71.83333333333333,0.5877777777777777,0,18,128,1759.880837745511,13.749069044886804,1298.9813227638606,42.06178577866142,67.05072360905254,69.1134118935548,3918.7321262434125,6954.9394896253925,7185.808997061104
031-s3-capacity-c256,s3-capacity-c256,PX0,True,False,0.0,34.0,100000.0,3400000.0,0.0,0.0,0.0,182.0,0.0,23039336.0,0.0,42278828.0,19239493.0,0.0,0.0,0.0,0.0,0.0,0.0,82850742272.0,82847888799.13513,376999997440.0,0.0,0.0,0.0,9.887278931828302,0.0,1251628.2496489743,0.0,2296827.2821252337,1045199.0868019675,True,True,True,True,True,True,True,True,8192,13744.705250486732,18258.970117662102,18262.17200551182,18.407491207122803,0.003712239677210434,24198.321000099182,0.003721795766457408,24173.361000061035,2,0.0,0.0,0.0,0.5461956521739131,0.0,1.0,4.0,0.0,71.16596000636541,700.0,0.07405951689860195,2.898248899197887,0.0,100.0,99.99653684178746,23.08916883595063,0.0,17.59984182516494,0.10042393766343594,90.0,2619.0,11214848000.0,85520809984.0,77409288192.0,25031.82346591049,25055.55341458914,43.10996636083867,16.423609920873538,688.553,771.933,0.0,86.95687798776513,1980.0,37.48922763981247,68.0,23.089142434434663,0.10042762756347656,2.1847826086956523,0.0,46.50489427681994,700.0,0.05388001386907725,2.176043948444147,0.0,93.45652173913044,93.03346414046172,18.464329840633198,0.0,15.907162719682507,0.10015082973784403,59.58695652173913,2619.0,9169801394.086956,85520809984.0,76351008589.91304,19774.983392698905,19345.03110397238,32.469758118260394,11.8710504645201,645.2459239130435,655.6449619565218,0.0,79.15376684423248,1970.421195652174,32.11495587827046,58.983695652173914,18.464329842067794,0.005556796048018467,0.10042762756347656,0.9995930348661579,368,20,20,0,1048576,24108.49103276074,738.4741516143549,94.52469140663743,128,0.0,0.0,0.0,0.0,0.0,0.0,0.0,0.0,42678641.0,0.0,0.0,69831.0,42678641.0,0.0,0.0,69831.0,0.0,0.0,0.0,0.0,0.0,0.0,0.0,0.0,2318547.406584415,0.0,0.0,3793.6185444423195,2318547.406584415,0.0,0.0,3793.6185444423195,32768,227.0,101.0,0.8648648648648649,37,256,0.0,539648.0,0.1891935800137472,8914.844195646787,2825302.0,0.0,534529.0,227.0,128.0,1.0,1.1741092205047607,0.0,538652.2432432432,0.10547991741117291,4242.689210018703,2527289.378378378,0.0,298012.6216216216,99.27027027027027,72.89189189189189,0.567027027027027,0,37,256,1780.1448133964275,13.90738135465959,1314.590930823621,42.18813139710605,64.42332220461778,69.04109544964052,8290.711241774261,15682.286002673209,16245.246545691041
032-s3-cold-PX0-mrr-128_chunk-8192_cache-off,s3-cold-PX0-mrr-128_chunk-8192_cache-off,PX0,True,False,0.0,34.0,100000.0,3400000.0,0.0,0.0,0.0,455.0,0.0,57197303.0,0.0,105495118.0,48297814.0,0.0,0.0,0.0,0.0,0.0,0.0,82849652736.0,82812405136.69565,376999997440.0,0.0,0.0,0.0,9.828438666211085,0.0,1235516.8888092116,0.0,2278796.256808134,1043279.3463979583,True,True,True,True,True,True,True,True,8192,5254.995391704142,9007.900548540056,9444.742227811366,46.29422998428345,0.005275585714728995,58606.48799991608,0.006423357664233444,58494.49300003052,2,0.0,0.0,0.0,0.4199134199134199,0.0,1.0,4.0,0.0,70.793353268494,700.0,0.07430130984793659,2.6651199816024302,0.0,100.0,99.99966062335905,23.116306951171083,0.0,18.34034934537487,0.10052255168557167,90.0,2619.0,11607015424.0,85520809984.0,84906606592.0,25233.941717212496,25229.88592399818,1845.1602692324493,141.17619653541408,693.743,771.47,0.0,88.25063000081343,1980.0,37.91697036406505,69.0,23.116306951171083,0.10052633285522461,1.6796536796536796,0.0,47.81801273933388,700.0,0.04247463715033726,1.884005467323178,0.0,96.37445887445888,95.31320234284954,16.327154872840335,0.0,16.159608514505713,0.10012297135136732,61.36471861471861,2619.0,5095478897.038961,85520809984.0,80425331086.96104,16810.560686976805,16422.220269640176,51.00265740641202,12.578106276978266,629.2054512987013,637.4615595238096,0.0,79.72566130451571,1971.7045454545455,33.22575095278962,58.667748917748916,16.327154847129307,0.004435701449672435,0.10052633285522461,0.9979645414922024,924,48,48,0,2244608,58915.67155079887,835.5167655097524,106.94614598524832,128,0.0,0.0,0.0,0.0,0.0,0.0,0.0,0.0,92227264.0,0.0,0.0,151409.0,92227264.0,0.0,0.0,151409.0,0.0,0.0,0.0,0.0,0.0,0.0,0.0,0.0,1992197.8188493573,0.0,0.0,3270.5803736535254,1992197.8188493573,0.0,0.0,3270.5803736535254,70144,10.0,0.0,0.17391304347826086,92,548,0.0,514179.0,0.18908810456368913,4493.225668569165,2813014.0,0.0,534231.0,10.0,127.0,1.0,0.9578866958618164,0.0,245252.16304347827,0.09236138449901146,1778.5441149482872,2564353.195652174,0.0,260948.80434782608,0.8478260869565217,61.77173913043478,0.4907608695652174,0,92,548,1515.1780259400227,11.837328327656428,1265.9566434048595,38.589564467391625,68.58657193553493,70.71436456573291,182.46509041637182,798.1028161011636,895.3668954223393
033-s3-cold-PX50-mrr-128_chunk-8192_cache-off,s3-cold-PX50-mrr-128_chunk-8192_cache-off,PX50,False,False,0.5,34.0,100000.0,3400000.0,0.0,0.0,0.0,480.0,0.0,48220929.0,0.0,86925341.0,38704411.0,0.0,0.0,0.0,0.0,0.0,0.0,82609745920.0,82596818521.73196,376999997440.0,0.0,0.0,0.0,9.909867215523679,0.0,995547.923748323,0.0,1794622.0561960756,799074.111802196,True,False,True,False,False,True,True,True,8192,13492.91780218482,16778.06106377393,16976.635045148432,48.436572313308716,0.027503362119937355,55607.98999977112,0.003154003257413087,55489.27500009537,2,0.0,0.0,0.0,0.7042079207920792,0.0,1.0,4.0,0.0,69.93083389460323,700.0,0.07563266972103626,2.784534705692229,0.0,100.0,99.9997422663098,23.707335056965135,0.0,18.221205564522656,8.045648531988263,89.0,2619.0,11602821120.0,85520809984.0,80926212096.0,25223.05249856702,25223.047500729284,57.599457147052796,34.894400807063214,696.172,767.46,0.0,88.19713094001409,1980.0,36.428920342264746,72.0,23.70737074516023,8.045697927474976,2.8168316831683167,0.0,47.425375441181984,700.0,0.05138850626728872,2.1307860848183293,0.0,95.7450495049505,95.54570384971849,18.237300119304965,0.0,16.33111043180333,0.11981151514861843,60.65470297029703,2619.0,6162737131.722773,85520809984.0,79358072852.27722,19184.642303016004,18768.923359037,34.568025794971035,12.141577336766918,649.5207574257425,660.5663601485148,0.0,80.86712970271773,1960.3774752475247,32.87192851786646,62.75990099009901,18.237300119917123,0.0012914700940243498,8.045697927474976,0.8340804906399097,808,43,43,0,2228224,57137.39668549668,798.5982019728159,102.22056985252044,128,0.0,0.0,0.0,0.0,0.0,0.0,0.0,0.0,90254531.0,0.0,0.0,146245.0,90254531.0,0.0,0.0,146245.0,0.0,0.0,0.0,0.0,0.0,0.0,0.0,0.0,1863355.037102845,0.0,0.0,3019.309439446376,1863355.037102845,0.0,0.0,3019.309439446376,69632,86.0,42.0,0.6597938144329897,97,544,0.0,534836.0,0.18917906829075262,7719.292168351914,2825302.0,0.0,534488.0,86.0,128.0,1.0,0.8880026340484619,0.0,402896.3402061856,0.14088536777314645,1592.5606794163461,2427258.288659794,0.0,398043.7113402062,36.58762886597938,94.03092783505154,0.7482474226804123,0,97,544,1437.5914040653017,11.23118284426017,1148.057910458126,63.542191445182155,130.47115321630451,132.40926570119706,5047.726451419294,7570.720574259758,8263.913126252592
034-s3-cold-PX87-mrr-128_chunk-8192_cache-off,s3-cold-PX87-mrr-128_chunk-8192_cache-off,PX87,False,False,0.875,34.0,100000.0,3400000.0,0.0,0.0,0.0,455.0,0.0,57002522.0,0.0,104461611.0,47459089.0,0.0,0.0,0.0,0.0,0.0,0.0,82626740224.0,82614847265.39131,376999997440.0,0.0,0.0,0.0,9.934974925125942,0.0,1244656.3225031646,0.0,2280930.73829288,1036274.4157897152,False,True,True,True,True,True,True,True,8192,5271.414797753096,8745.384279731657,9066.526332236826,45.79780054092407,0.0025466594613971077,58558.614000320435,0.0024946139018028495,58558.614000320435,2,0.0,0.0,0.0,0.648471615720524,0.0,1.0,4.0,0.0,72.90401609515168,700.0,0.07472046871027377,2.6589131830361166,0.0,100.0,100.0,23.363399155031583,0.0,18.454231746170034,0.10030995681881905,89.0,2619.0,11525226496.0,85520809984.0,85409923072.0,25236.496872727643,25231.653247542217,63.85893095040068,37.24810365228137,698.931,784.112,0.0,90.06466939826136,1980.0,36.76087755852814,71.0,23.363399078785154,0.10043764114379883,2.593886462882096,0.0,47.303768108942585,700.0,0.042571280645323374,1.8922804508984652,0.0,96.27729257641921,95.6349758538582,16.392431875236603,0.0,16.17659673448493,0.1001419472715545,60.443231441048034,2619.0,6299080641.39738,85520809984.0,79221729342.60262,16881.742778950524,16494.658156143018,36.04497127410107,11.727886881459881,635.842232532751,640.6351211790393,0.0,79.81546479578815,1965.8842794759826,32.87986260163618,63.83406113537118,16.39243184646974,0.011685216502332538,0.10043764114379883,1.0000480254302597,916,48,48,0,2220032,58707.74284871065,844.0759628736225,108.04172324782368,128,0.0,0.0,0.0,0.0,0.0,0.0,0.0,0.0,91127962.0,0.0,0.0,151666.0,91127962.0,0.0,0.0,151666.0,0.0,0.0,0.0,0.0,0.0,0.0,0.0,0.0,1989789.0493358895,0.0,0.0,3311.643751635497,1989789.0493358895,0.0,0.0,3311.643751635497,69376,6.0,0.0,0.16304347826086957,92,544,0.0,524692.0,0.18649439953675748,4671.247128789563,2825302.0,0.0,526903.0,6.0,126.0,0.99,0.5044746398925781,0.0,245681.19565217392,0.08992968600847996,1467.0991001733064,2571223.4782608696,0.0,254078.52173913043,0.34782608695652173,60.16304347826087,0.4782608695652174,0,92,542,1514.8325723198625,11.834629471248926,1278.6337620732143,38.522759914456856,67.38232032241899,70.28319489005514,172.10385669022799,463.4062558412552,574.7990724444393
035-s3-cold-PX0-mrr-128_chunk-8192_cache-on,s3-cold-PX0-mrr-128_chunk-8192_cache-on,PX0,True,True,0.0,34.0,100000.0,3400000.0,0.0,0.0,0.0,460.0,0.0,57559163.0,0.0,108339977.0,50780814.0,0.0,0.0,0.0,0.0,0.0,0.0,82892382208.0,82857064822.36559,376999997440.0,0.0,0.0,0.0,9.911909768477685,0.0,1240263.5434893463,0.0,2334469.731180321,1094206.1876909747,True,True,True,True,True,True,True,True,8192,6471.46145068109,7682.469580788165,7917.468609511851,46.40881633758545,5.600648295486553e-06,57860.296999931335,0.0012295414738258193,57860.296999931335,2,0.0,0.0,0.0,0.3760775862068966,0.0,1.0,4.0,0.0,78.08545039331499,700.0,0.07374120101461344,2.3539801029685274,0.0,100.0,99.99923072985688,22.887248670876136,0.0,17.704071501150093,0.10052422806620598,86.0,2619.0,11709775872.0,85520809984.0,79516925952.0,44405.60995856309,44400.59508385707,897.7366632448301,79.83896281515196,672.327,763.311,0.0,85.90527316085954,1980.0,37.63950339239084,70.0,22.887238795426132,0.10053324699401855,1.5043103448275863,0.0,46.115275058612795,700.0,0.04213663367877422,1.822103291059895,0.0,92.89978448275862,90.214437984455,15.72928604020451,0.0,15.151753337726424,0.10014865345899658,59.074353448275865,2619.0,7043421713.655172,85520809984.0,78477388270.34483,16424.114856224227,16052.096253633257,42.82099361993254,12.51933872345192,619.5526551724138,623.1890215517242,0.0,74.80540464280054,1974.0032327586207,31.158821753562542,59.108836206896555,15.72928607109363,0.009347157156273113,0.10053324699401855,0.9998100288203579,928,49,49,0,2244608,57860.621055105104,824.8787779415393,105.58448357651703,128,0.0,0.0,0.0,0.0,0.0,0.0,0.0,0.0,92975470.0,0.0,0.0,151985.0,92975470.0,0.0,0.0,151985.0,0.0,0.0,0.0,0.0,0.0,0.0,0.0,0.0,2003401.0202647913,0.0,0.0,3274.916535134959,2003401.0202647913,0.0,0.0,3274.916535134959,70144,18.0,0.0,0.44086021505376344,93,548,0.0,405149.0,0.238415061038388,4856.949138862479,1687462.0,946176.0,405246.0,18.0,97.0,0.8,0.9736416339874268,0.0,267773.5268817204,0.16286355836642644,1520.4900401588743,961219.7849462365,461702.8817204301,276827.3333333333,2.4301075268817205,65.70967741935483,0.5468817204301075,0,93,548,1511.436953913258,11.808101202447329,1246.752267479651,45.31888715834833,56.95438159365705,57.79551322197938,316.88524689525366,1265.5305057764049,1535.4847825877364
036-s3-cold-PX50-mrr-128_chunk-8192_cache-on,s3-cold-PX50-mrr-128_chunk-8192_cache-on,PX50,True,True,0.5,34.0,100000.0,3400000.0,0.0,0.0,0.0,455.0,0.0,49722900.0,0.0,112430379.0,62707479.0,0.0,0.0,0.0,0.0,0.0,0.0,82656124928.0,82609336943.30435,376999997440.0,0.0,0.0,0.0,9.969846517692607,0.0,1089515.7833287423,0.0,2463546.423200022,1374030.63987128,True,True,True,True,True,True,True,True,8192,2320.4681016504765,3400.4773477092385,3866.7425017245123,45.63761329650879,0.005666518885067412,48389.078999996185,0.0036870716142755364,48389.078999996185,2,0.0,0.0,0.0,0.09429824561403509,0.0,1.0,4.0,0.0,61.0907905553117,700.0,0.07127545548248689,2.3510326990821735,0.0,100.0,99.99824807186553,23.522611861936102,0.0,17.744274066141983,0.10037700273096561,77.0,2619.0,11646861312.0,85520809984.0,76675284992.0,24903.520193592896,24903.280513487673,75.35569461657586,40.177261370977085,612.509,757.439,0.0,85.97287216350803,1980.0,36.400814551869345,67.0,23.522586629963673,0.10037946701049805,0.37719298245614036,0.0,43.82897525414253,700.0,0.021912033396269827,1.3121010416722902,0.0,92.78508771929825,92.92895333527257,10.866733165797068,0.0,14.090495677542968,0.10014298461018163,55.99122807017544,2619.0,9363542806.45614,85520809984.0,76157267177.54385,9768.146782491149,9350.483759092964,41.86759478107112,10.86501918221933,527.1208245614035,527.3810603070175,0.0,70.73674354552803,1978.5197368421052,27.74886216347991,58.46491228070175,10.866733164534182,0.010851626713499814,0.10037946701049805,0.9991758268280944,912,48,48,0,2228224,48114.88137001169,694.9258817784379,88.95051286764004,128,70.0,0.0,0.0,1.0,0.0,0.0,0.0,0.0,94164689.0,0.0,0.0,157701.0,94164689.0,0.0,0.0,157701.0,1.533822541183478,0.0,0.0,0.021911750588335402,0.0,0.0,0.0,0.0,2063313.17959617,0.0,0.0,3455.504979531081,2063313.17959617,0.0,0.0,3455.504979531081,69632,2.0,0.0,0.010869565217391304,92,544,0.5,233165.0,0.08764583026915723,4167.128447224321,1671078.0,1032192.0,148976.0,2.0,59.0,0.45,0.5049536228179932,0.3858695652173913,113895.71739130435,0.05320110374287779,1608.7977230047463,1190238.293478261,419083.1304347826,90428.57608695653,0.021739130434782608,27.380434782608695,0.23206521739130434,0,92,544,1525.7590169669706,11.919992320054458,1060.2894302471746,17.483184708091684,25.395412423361947,28.699862202262786,98.7559873610735,221.23891338706028,542.5750678405216
037-s3-cold-PX87-mrr-128_chunk-8192_cache-on,s3-cold-PX87-mrr-128_chunk-8192_cache-on,PX87,False,True,0.875,34.0,100000.0,3400000.0,0.0,0.0,0.0,451.0,0.0,47467113.0,0.0,113565455.0,66098341.0,0.0,0.0,0.0,0.0,0.0,0.0,82626793472.0,82615708660.74725,376999997440.0,0.0,0.0,0.0,9.898191759974576,0.0,1041770.7023644835,0.0,2492444.902214553,1450674.1779028596,True,True,True,False,True,True,True,True,8192,1997.7453825995326,2685.4106995277107,3250.1766446605343,45.56387782096863,0.00778767035671887,39379.0670003891,0.013048262851752757,39302.71700048447,2,0.0,0.0,0.0,0.02771618625277162,0.0,1.0,4.0,0.0,58.05568243796975,700.0,0.07418497125641058,2.2539506587689484,0.0,100.0,99.99738763722567,22.797922761204354,0.0,17.525509678452476,0.5048694722354412,74.0,2619.0,11659444224.0,85520809984.0,76572065792.0,24898.081396687932,24898.081396687932,119.59992923970754,106.53930507122894,600.243,757.579,0.0,85.61148284315813,1980.0,34.779527420851636,64.0,22.7979283665661,0.5048689842224121,0.11086474501108648,0.0,37.91245638094244,700.0,0.007720045662805824,0.7715184858930038,0.0,84.62527716186253,80.9214053193757,5.889505290073141,0.0,11.050093270669816,0.10106996488561255,48.328159645232816,2619.0,9916394566.385809,85520809984.0,75604415417.6142,3998.600704311448,3595.063710131736,36.51772769522641,9.203631495409837,428.6726241685144,429.41792128603106,0.0,57.67997212212519,1979.5842572062083,21.157042401075536,54.04656319290466,5.8895052493452384,0.0029406456309736947,0.5048689842224121,0.9898191759974576,902,47,47,0,2228224,39072.39580763492,565.5311781995217,72.38799080953879,128,0.0,0.0,0.0,0.0,0.0,0.0,0.0,0.0,93377783.0,0.0,0.0,158252.0,93377783.0,0.0,0.0,158252.0,0.0,0.0,0.0,0.0,0.0,0.0,0.0,0.0,2049381.8231824702,0.0,0.0,3473.1898944556465,2049381.8231824702,0.0,0.0,3473.1898944556465,69632,1.0,0.0,0.01098901098901099,91,544,0.875,192270.0,0.05045506692160612,2942.004696092117,1662886.0,833536.0,85761.0,1.0,49.0,0.41,0.9802677631378174,0.5961538461538461,93713.86813186813,0.03922668653599673,1552.7567184335155,1513041.3846153845,120033.05494505494,66675.56043956045,0.01098901098901099,23.24175824175824,0.19505494505494506,0,91,544,1528.2281344358084,11.939282300279753,864.2606574251399,15.041601792799206,20.111568400445655,23.13910924866209,77.78111472725868,210.11657798662787,469.7306601330657
038-s3-confirm-PX0-mrr-128_chunk-8192_cache-off-seed-2026082501,s3-confirm-PX0-mrr-128_chunk-8192_cache-off-seed-2026082501,PX0,False,False,0.0,34.0,100000.0,3400000.0,0.0,0.0,0.0,905.0,0.0,112195304.0,0.0,205752829.0,93557525.0,0.0,0.0,0.0,0.0,0.0,0.0,82954117120.0,82795540412.48352,376999997440.0,0.0,0.0,0.0,9.948977068706068,0.0,1233401.6648756973,0.0,2261911.798389393,1028510.1335136957,False,False,True,False,False,True,True,True,8192,5455.2997555583715,8664.145370759068,9096.878289431334,90.96412563323975,0.020470546553543533,118016.72899961472,0.001728632375209999,117942.87699985504,2,0.0,0.0,0.0,0.5634178905206942,0.0,1.0,4.0,0.0,70.29753134852886,700.0,0.07528042974114993,2.7188532512427184,0.0,100.0,100.0,23.703110368570762,0.0,18.298826140948627,8.086222115904093,89.0,2619.0,11607015424.0,85520809984.0,85080670208.0,25226.26892462269,25226.24393225236,3263.5386042024456,224.74175739637587,695.763,775.116,0.0,87.63277255159686,1980.0,37.44692985274708,72.0,23.703098908598324,8.086219310760498,2.253671562082777,0.0,47.961587778372134,700.0,0.045554632655379304,1.9678298180623521,0.0,96.54405874499332,96.25855700124391,17.175182947772267,0.0,16.446191854770564,0.12143665422823464,61.56275033377837,2619.0,2505799715.5460615,85520809984.0,83015010268.45393,17793.87915039604,17410.24662491249,48.09913274698273,12.800852653317799,644.8400447263017,648.6501308411215,0.0,80.95866500117208,1967.733644859813,33.72721509446464,61.916555407209614,17.175182902367546,0.003904742889390487,8.086219310760498,0.8234015275647342,1498,81,81,0,4599808,120432.59594469826,821.0202095365004,105.09058682067206,128,0.0,0.0,0.0,0.0,0.0,0.0,0.0,0.0,189458267.0,0.0,0.0,311727.0,189458267.0,0.0,0.0,311727.0,0.0,0.0,0.0,0.0,0.0,0.0,0.0,0.0,2082780.0595135817,0.0,0.0,3426.9224029795982,2082780.0595135817,0.0,0.0,3426.9224029795982,143744,15.0,0.0,0.19230769230769232,182,1125,0.0,534908.0,0.18937302985663126,6054.157001457034,2816889.0,0.0,535036.0,15.0,128.0,1.0,1.005312204360962,0.0,264279.7417582418,0.10094689206462036,1974.2626688910095,2540096.543956044,0.0,285205.45604395604,0.7857142857142857,67.71978021978022,0.5365934065934066,0,182,1123,1580.2273588553426,12.345526241057364,1297.3985972827238,41.005101494901766,65.15407814666277,70.32741774078897,188.5644681751728,725.6168290972702,994.5518706738947
039-s3-confirm-PX0-mrr-128_chunk-8192_cache-off-seed-2026082502,s3-confirm-PX0-mrr-128_chunk-8192_cache-off-seed-2026082502,PX0,True,False,0.0,34.0,100000.0,3400000.0,0.0,0.0,0.0,905.0,0.0,112561012.0,0.0,206527384.0,93966372.0,0.0,0.0,0.0,0.0,0.0,0.0,82724728832.0,82712659517.8901,376999997440.0,0.0,0.0,0.0,9.929306521702781,0.0,1234975.4591613978,0.0,2265937.791007088,1030962.3318456903,True,True,True,True,True,True,True,True,8192,5569.482143968344,8709.754575043917,9103.26727051288,91.14433097839355,0.0009740229340381278,118466.56900024414,0.00010222684136096128,118424.62400054932,2,0.0,0.0,0.0,0.6494505494505495,0.0,1.0,4.0,0.0,100.0,700.0,0.07663902563794843,2.706858910466296,0.0,100.0,100.0,23.738177593058154,0.0,18.137045939639048,0.1006667036563158,90.0,2619.0,11365842944.0,85520809984.0,82213863424.0,31248.90788284432,31243.2077358834,104.87717981353958,57.432979392599044,699.885,779.159,0.0,87.7983931496501,1980.0,37.87193402616996,72.0,23.738154100646195,0.10066652297973633,2.597802197802198,0.0,48.34681258464214,700.0,0.044051055824461616,1.94579668626785,0.0,96.7467032967033,96.07637925084987,16.861597848636794,0.0,16.389700261306185,0.1001523188775876,61.91428571428571,2619.0,4125265568.9142857,85520809984.0,81395544415.08571,17382.09798003321,16982.35051500697,36.37136045018321,11.877918322219838,648.5864774725275,651.0157230769231,0.0,80.71237110855365,1965.3461538461538,33.71458336814326,64.65,16.861597842928944,0.011487644328117299,0.10066652297973633,0.9984164568784013,1820,94,94,0,4550656,118581.95815536719,833.0513684198086,106.6305751577355,128,396.0,0.0,0.0,6.0,282.0,0.0,0.0,5.0,187339335.0,0.0,0.0,308326.0,187339335.0,0.0,0.0,308326.0,4.344757328833483,0.0,0.0,0.065829656497477,3.0939938553814192,0.0,0.0,0.05485804708123084,2055414.0119192952,0.0,0.0,3382.8324448735157,2055414.0119192952,0.0,0.0,3382.8324448735157,142208,7.0,0.0,0.15384615384615385,182,1111,0.0,533862.0,0.18894935833408252,5553.718250589079,2808880.0,0.0,533839.0,7.0,127.0,1.0,0.9566442966461182,0.0,260892.67032967033,0.10023002811773711,1845.640369182891,2542121.901098901,0.0,283180.0989010989,0.34065934065934067,67.13736263736264,0.5320879120879121,0,182,1111,1560.250631865535,12.189458061449493,1299.768923953455,42.246439472192854,66.70296787628976,70.19576914168485,181.66414834558964,480.32738734036684,672.3533287644392
040-s3-confirm-PX87-mrr-128_chunk-8192_cache-off-seed-2026082501,s3-confirm-PX87-mrr-128_chunk-8192_cache-off-seed-2026082501,PX87,False,False,0.875,34.0,100000.0,3400000.0,0.0,0.0,0.0,895.0,0.0,111149686.0,0.0,202383209.0,91233523.0,0.0,0.0,0.0,0.0,0.0,0.0,82630459392.0,82614576856.17778,376999997440.0,0.0,0.0,0.0,9.900393718124414,0.0,1229525.8693250292,0.0,2238741.2860753746,1009215.4167503455,False,True,True,True,True,True,True,True,8192,5226.268133148551,8818.772900663316,9066.567912623286,90.40044522285461,0.002365503094843433,117851.93099975586,0.0007442648666907692,117747.79099988937,2,0.0,0.0,0.0,0.70509977827051,0.0,1.0,4.0,0.0,100.0,700.0,0.07605101563255792,2.7483823652735366,0.0,100.0,100.0,23.576800411901534,0.0,18.34179349882204,0.10046528279781342,88.0,2619.0,11550392320.0,85520809984.0,85166653440.0,25243.027279722835,25230.128094170675,62.20818759426243,33.934473574431216,697.882,777.641,0.0,88.20943002780892,1980.0,37.14328728831522,72.0,23.576783450616205,0.10046815872192383,2.82039911308204,0.0,48.236352827564225,700.0,0.04450772973706933,1.960500070710085,0.0,96.82317073170732,95.22664113596888,16.95216945433944,0.0,16.293326904211757,0.10014828724452106,62.22062084257206,2619.0,1997339872.7804878,85520809984.0,83523470111.21951,17501.842392928338,17099.6147700705,36.11496508357477,11.768827952589852,650.4386302660754,654.1644207317073,0.0,80.17510327084712,1963.8276053215077,33.35033832540208,64.59534368070953,16.952169468185506,0.010814965237056644,0.10046815872192383,0.9977826965081812,1804,93,93,0,4583424,118130.71010726906,822.8044780478933,105.31897319013035,128,312.0,0.0,0.0,4.0,198.0,0.0,0.0,3.0,186571892.0,0.0,0.0,308756.0,186571892.0,0.0,0.0,308756.0,3.4513104358154383,0.0,0.0,0.044247569689941514,2.190254699652105,0.0,0.0,0.03318567726745614,2063838.1983635605,0.0,0.0,3415.4256567968955,2063838.1983635605,0.0,0.0,3415.4256567968955,143232,12.0,0.0,0.18333333333333332,180,1120,0.0,531331.0,0.18828146513186908,4798.051622830142,2813014.0,0.0,531952.0,12.0,127.0,1.0,0.8196208477020264,0.0,267485.63333333336,0.10084884927542456,1774.637178120514,2540373.5444444446,0.0,284860.18888888886,0.6388888888888888,67.68333333333334,0.5356111111111111,0,180,1119,1584.4169754574257,12.378257620761138,1303.6653825014691,39.58542517379043,66.9814489121864,70.25108767042714,180.91684766113758,593.1833790615199,901.5546377375717
041-s3-confirm-PX87-mrr-128_chunk-8192_cache-off-seed-2026082502,s3-confirm-PX87-mrr-128_chunk-8192_cache-off-seed-2026082502,PX87,True,False,0.875,34.0,100000.0,3400000.0,0.0,0.0,0.0,900.0,0.0,111390203.0,0.0,206077559.0,94687357.0,0.0,0.0,0.0,0.0,0.0,0.0,82635034624.0,82623777797.65746,376999997440.0,0.0,0.0,0.0,9.926068247088658,0.0,1228518.6189278443,0.0,2272822.127586044,1044303.5196871645,True,True,True,True,True,True,True,True,8192,5551.084136590362,8715.858339518309,9093.801983054727,90.6703417301178,0.0004887496253213305,117724.69799995422,0.0013013252970789772,117724.69799995422,2,0.0,0.0,0.0,0.6931567328918322,0.0,1.0,4.0,0.0,100.0,700.0,0.0765698164227184,2.771171129560224,0.0,100.0,99.9993390240468,23.629004966194188,0.0,19.331233973200717,0.10074520483613014,88.0,2619.0,11602821120.0,85520809984.0,82010439680.0,44725.2539587141,44717.98220249911,75.55629584754833,44.269825138727576,697.117,789.006,0.0,87.57077133429465,1980.0,37.18408190898239,73.0,23.629017649420145,0.10074496269226074,2.772626931567329,0.0,48.13618971909721,700.0,0.04379861093970406,1.9336952306835007,0.0,96.69205298013244,95.49105102142963,16.772349798046065,0.0,16.297257084496614,0.10013866789482748,61.78476821192053,2619.0,4314811900.609271,85520809984.0,81205998083.39073,17298.52856354764,16904.25292761663,36.12381652657937,11.778247733336336,647.3954889624724,648.7777693156733,0.0,80.19844514747865,1964.0480132450332,33.417091028633784,64.9873068432671,16.77234977705895,0.008733500300771206,0.10074496269226074,0.9992242035402583,1812,93,93,0,4521984,117667.16009791568,833.0835173230456,106.63469021734984,128,0.0,0.0,0.0,0.0,0.0,0.0,0.0,0.0,185471503.0,0.0,0.0,306328.0,185471503.0,0.0,0.0,306328.0,0.0,0.0,0.0,0.0,0.0,0.0,0.0,0.0,2045558.6629645654,0.0,0.0,3378.480704437972,2045558.6629645654,0.0,0.0,3378.480704437972,141312,10.0,0.0,0.13812154696132597,181,1104,0.0,533826.0,0.18899006194735996,5514.113081313798,2808890.0,0.0,533954.0,10.0,128.0,1.0,0.9728596210479736,0.0,263329.3038674033,0.10010283709718593,1873.6266784758259,2542481.2541436465,0.0,282820.7458563536,0.39226519337016574,67.20994475138122,0.5317127071823204,0,181,1104,1558.5250623695472,12.175977049762087,1298.3815407949414,42.269213235108396,66.8786466341671,69.92452337296578,174.12464413791895,514.0520907007157,872.2693437710404
042-s3-confirm-PX0-mrr-128_chunk-8192_cache-on-seed-2026082501,s3-confirm-PX0-mrr-128_chunk-8192_cache-on-seed-2026082501,PX0,False,True,0.0,34.0,100000.0,3400000.0,0.0,0.0,0.0,905.0,0.0,108067724.0,0.0,204490530.0,96422806.0,0.0,0.0,0.0,0.0,0.0,0.0,82999484416.0,82856353837.01099,376999997440.0,0.0,0.0,0.0,9.94707974343139,0.0,1187799.1915128557,0.0,2247606.1974437004,1059807.005930845,True,False,True,False,True,True,True,True,8192,6912.284649908543,8621.054669469595,9223.272493332624,90.98147630691528,0.029206816491835007,117764.05999994278,0.002285879281512027,117764.05999994278,2,0.0,0.0,0.0,0.5150669642857143,0.0,1.0,4.0,0.0,92.14296411837158,700.0,0.07385896280105883,2.404318866147679,0.0,100.0,99.99884280430867,23.04413150730157,0.0,17.64154720916245,0.10078990459442139,89.0,2619.0,11709775872.0,85520809984.0,79172993024.0,31411.10719476382,31406.53090267383,3984.2195032708337,269.4343775117357,680.879,777.811,0.0,86.0889322779231,1980.0,37.77772565516235,71.0,23.044131448510356,8.033676624298096,2.060267857142857,0.0,46.08081533923092,700.0,0.0452847849135885,1.9091981031152292,0.0,92.76674107142857,89.8349728320797,16.413928111422145,0.0,15.191635356714684,0.10014128965017985,59.15625,2619.0,6995367643.428572,85520809984.0,78525442340.57143,17300.345494739227,16916.546557119913,46.5764344308021,13.145820374974315,635.9624291294643,637.2133409598214,0.0,75.00797814074437,1971.2862723214287,31.122090271520705,62.55189732142857,16.413928126604414,0.011044640753565866,0.1008148193359375,0.9848158508413841,1792,92,92,0,4608000,114324.546710191,817.8059722218248,104.67916444439358,128,0.0,0.0,0.0,0.0,0.0,0.0,0.0,0.0,189740072.0,0.0,0.0,308420.0,189740072.0,0.0,0.0,308420.0,0.0,0.0,0.0,0.0,0.0,0.0,0.0,0.0,2085480.2505065342,0.0,0.0,3389.9208115680767,2085480.2505065342,0.0,0.0,3389.9208115680767,144000,25.0,2.0,0.6153846153846154,182,1125,0.0,406203.0,0.23897220179438153,6092.896054888564,1699686.0,966656.0,406193.0,25.0,97.0,0.8,0.9958224296569824,0.0,324206.36813186813,0.18632671902299788,2085.956092858995,911955.7967032967,471107.86813186813,316886.489010989,4.489010989010989,75.27472527472527,0.6260989010989011,0,182,1125,1582.7397602807957,12.365154377193717,1294.3740284305743,49.79880038267515,57.25994307225145,58.23965162332133,455.07096499204636,1684.1293476521964,2283.3964256197214
043-s3-confirm-PX0-mrr-128_chunk-8192_cache-on-seed-2026082502,s3-confirm-PX0-mrr-128_chunk-8192_cache-on-seed-2026082502,PX0,False,True,0.0,34.0,100000.0,3400000.0,0.0,0.0,0.0,910.0,0.0,100280094.0,0.0,190525031.0,90244937.0,0.0,0.0,0.0,0.0,0.0,0.0,82855481344.0,82833656423.51912,376999997440.0,0.0,0.0,0.0,9.950839630370467,0.0,1096561.6851785448,0.0,2083389.0429146832,986827.3577361386,True,False,True,False,False,True,True,True,8192,9056.350721046329,13067.57616251707,13474.073885567488,91.44956946372986,0.03414396493638227,113536.98799943924,0.003465162045360906,113451.31799983978,2,0.0,0.0,0.0,0.6744604316546763,0.0,1.0,4.0,0.0,73.04918904371739,700.0,0.07405901004100421,2.3994847811795164,0.0,100.0,99.99953042152671,23.010629884687294,0.0,17.77408774465882,8.018449256196618,88.0,2619.0,11680415744.0,85520809984.0,79638560768.0,41253.92571398637,41105.46166058511,73.93058354747386,45.79743102599039,681.955,775.116,0.0,86.15619233225152,1980.0,37.68976620713877,71.0,23.010626293943183,8.018448114395142,2.697841726618705,0.0,45.949826457630465,700.0,0.047574817879688994,1.9891649123285289,0.0,91.69724220623502,90.9296341891937,16.97178783596983,0.0,15.411115075799573,0.10963547846181787,58.34292565947242,2619.0,6506680703.079137,85520809984.0,79014129280.92087,17961.106967438125,17558.529036664102,40.63638297127004,13.08629008980883,638.8404136690648,644.4297961630696,0.0,76.16526719691977,1968.4622302158273,31.471724332527565,64.80455635491607,16.97178779819553,0.011238888400737964,8.018448114395142,0.9119780496405461,1668,87,87,0,4550656,109660.38506220393,798.3867855496121,102.19350855035034,128,396.0,0.0,0.0,6.0,282.0,0.0,0.0,5.0,187466333.0,0.0,0.0,302665.0,187466333.0,0.0,0.0,302665.0,4.330255487501874,0.0,0.0,0.06560993162881627,3.0836667865543648,0.0,0.0,0.05467494302401356,2049942.2151391504,0.0,0.0,3309.6383260726125,2049942.2151391504,0.0,0.0,3309.6383260726125,142208,72.0,19.0,0.9234972677595629,183,1111,0.0,405607.0,0.23831681129577878,5777.473413087508,1683341.0,1048576.0,405079.0,72.0,97.0,0.8,0.9577696323394775,0.0,378643.78142076504,0.21251234149670034,1769.421995402765,946815.7759562841,391716.37158469943,361217.8524590164,25.62295081967213,86.30054644808743,0.7140983606557377,0,183,1111,1555.042859511784,12.148772339935812,1241.5256699974902,53.78756009218261,88.75806273995187,93.29779292273477,1809.9526595324278,5891.436330974102,6078.249151445926
044-s3-confirm-PX87-mrr-128_chunk-8192_cache-on-seed-2026082501,s3-confirm-PX87-mrr-128_chunk-8192_cache-on-seed-2026082501,PX87,False,True,0.875,34.0,100000.0,3400000.0,0.0,0.0,0.0,895.0,0.0,87538847.0,0.0,216075098.0,128536251.0,0.0,0.0,0.0,0.0,0.0,0.0,82774568960.0,82761007809.42223,376999997440.0,0.0,0.0,0.0,9.924618704062096,0.0,970714.7243220449,0.0,2396047.9989864253,1425333.2746643804,True,True,True,False,False,True,True,True,8192,1894.2540157586336,2405.1038147881627,2702.800934743135,90.17978692054749,0.0028873932581721063,78401.55599975586,0.029707191936419478,78373.67599964142,2,0.0,0.0,0.0,0.0018248175182481751,0.0,1.0,4.0,0.0,84.1577115374106,700.0,0.07103573091216489,2.2205785124739763,0.0,100.0,99.99567492810323,22.4919946782293,0.0,17.373105935904164,7.968002341687679,74.0,2619.0,11470700544.0,85520809984.0,76192940032.0,24573.2000082542,24573.1600169691,72.41333859392051,39.92038215569325,612.005,757.439,0.0,84.97816729258035,1980.0,35.79830542675363,65.0,22.491994694809332,7.968001842498779,0.0072992700729927005,0.0,39.26970692985501,700.0,0.007130489119586923,0.7921395732371002,0.0,87.02128953771289,85.18578884927275,6.004102140122371,0.0,11.617897022839704,0.1097119968212289,49.87591240875913,2619.0,9819388277.722628,85520809984.0,75701421706.27737,3879.9748736561532,3450.6628568337237,38.56177505688138,9.193413343489445,434.1560711678832,436.5871611922141,0.0,60.59268616455854,1979.9726277372263,22.408839241383895,55.70681265206812,6.004102141805714,0.014131381473771451,7.968001842498779,0.9115124664512898,1644,85,85,0,4587520,78627.93212397976,546.8858537929399,70.0013892854963,128,0.0,0.0,0.0,0.0,0.0,0.0,0.0,0.0,192574170.0,0.0,0.0,327482.0,192574170.0,0.0,0.0,327482.0,0.0,0.0,0.0,0.0,0.0,0.0,0.0,0.0,2135447.1614538925,0.0,0.0,3631.43461725549,2135447.1614538925,0.0,0.0,3631.43461725549,143360,1.0,0.0,0.005555555555555556,180,1120,0.875,192278.0,0.05052037064274158,3201.9209321455505,1687462.0,247296.0,85872.0,1.0,49.0,0.41,0.9307651519775391,0.6659722222222222,93434.44444444444,0.039634622738638034,1609.1935089993474,1480664.072222222,151716.97777777776,67368.95,0.005555555555555556,22.872222222222224,0.19383333333333333,0,180,1120,1589.7132261612762,12.41963457938497,869.3916749751385,14.394382102869628,18.09412001038161,19.747750302263366,68.85903049260378,112.01736489310859,313.8950471766291
045-s3-confirm-PX87-mrr-128_chunk-8192_cache-on-seed-2026082502,s3-confirm-PX87-mrr-128_chunk-8192_cache-on-seed-2026082502,PX87,False,True,0.875,34.0,100000.0,3400000.0,0.0,0.0,0.0,900.0,0.0,92231378.0,0.0,217828965.0,125597588.0,0.0,0.0,0.0,0.0,0.0,0.0,82777378816.0,82763063431.779,376999997440.0,0.0,0.0,0.0,9.954930713195038,0.0,1020174.4195250012,0.0,2409413.615446652,1389239.206982685,True,True,True,False,True,True,True,True,8192,1826.500571332872,2709.703127667308,4131.5389165095985,90.40745997428894,0.00045861665060671956,78259.95100021362,0.050196367987880554,78192.07100009918,2,0.0,0.0,0.0,0.01167964404894327,0.0,1.0,4.0,0.0,72.97733931064208,700.0,0.07083133013743682,2.206020296358324,0.0,100.0,99.9961554842039,22.427982550608274,0.0,17.316033488883185,0.3905200231820345,76.0,2619.0,11684610048.0,85520809984.0,76931137536.0,24561.535207173536,24561.535207173536,138.00747343832947,126.19356516039203,635.603,751.886,0.0,84.79839463806796,1980.0,36.79671936238424,63.0,22.427982678733745,0.39055633544921875,0.04671857619577308,0.0,39.755675324161274,700.0,0.006888253858369482,0.7754449503510615,0.0,87.37652947719688,84.61763805360388,5.896437278023789,0.0,11.502101553560257,0.10058077207007118,50.53448275862069,2619.0,8991141427.826473,85520809984.0,76529668556.17352,3740.005396129395,3316.5741456944647,38.64144744628241,9.477630764155789,431.1221852057842,433.9862013348165,0.0,59.807774806201685,1979.8248053392658,22.352471292419093,53.73748609566184,5.896437301900656,0.01417652453938308,0.39055633544921875,0.9943869679069265,1798,93,93,0,4521984,78224.05968360926,553.8096623090298,70.88763677555582,128,0.0,0.0,0.0,0.0,0.0,0.0,0.0,0.0,193943327.0,0.0,0.0,323950.0,193943327.0,0.0,0.0,323950.0,0.0,0.0,0.0,0.0,0.0,0.0,0.0,0.0,2145213.758412809,0.0,0.0,3583.222005043925,2145213.758412809,0.0,0.0,3583.222005043925,141312,3.0,0.0,0.016574585635359115,181,1104,0.875,279687.0,0.057430210325047804,3449.2779033232105,1675174.0,271360.0,97617.0,3.0,67.0,0.56,0.9097087383270264,0.6187845303867403,89967.70718232045,0.03901490550690344,1559.9712946415568,1473003.0331491712,160431.38121546962,66315.58563535912,0.03314917127071823,22.34254143646409,0.18972375690607735,0,181,1104,1563.05685438113,12.211381674852579,865.635988694628,13.804662144031582,20.407880723153742,29.761517604475713,66.15142337977886,119.4373155944049,541.1755158193415
046-s3-warm-PX87-mrr-128_chunk-8192_cache-off,s3-warm-PX87-mrr-128_chunk-8192_cache-off,PX87,False,False,0.875,34.0,100000.0,3400000.0,0.0,0.0,0.0,451.0,0.0,53809120.0,0.0,101502630.0,47693510.0,0.0,0.0,0.0,0.0,0.0,0.0,82888757248.0,82799882690.1099,376999997440.0,0.0,0.0,0.0,9.842023418063441,0.0,1174258.5790363322,0.0,2215058.2293903073,1040799.6503539754,True,False,True,False,False,True,True,True,8192,4813.270083628595,8668.553752545267,9441.694173198193,45.82391047477722,0.04402378466500846,57566.55700016022,0.0012916063044351128,57566.55700016022,2,0.0,0.0,0.0,0.3616666666666667,0.0,1.0,4.0,0.0,69.10331155379687,700.0,0.07386558556027104,2.7229406111847534,0.0,100.0,99.9994169363974,22.944302886283253,0.0,18.109003216186373,8.038234911859035,88.0,2619.0,11365842944.0,85520809984.0,85367980032.0,25237.03587763719,25232.20214446198,2617.532215041971,185.17923901011613,687.271,779.866,0.0,87.33544939339119,1980.0,36.780443546035386,66.0,22.944315114823056,8.03823447227478,1.4466666666666668,0.0,46.67773601543477,700.0,0.04412308344354348,1.8843337985065147,0.0,95.48833333333333,94.47360993286541,16.59467322752567,0.0,15.940180279001643,0.15295168871060014,59.843333333333334,2619.0,5895099077.973333,85520809984.0,79625710906.02667,17285.713057712404,16935.732778368303,61.45463972815387,13.42077036178131,621.6431933333333,628.0319616666667,0.0,78.72197294977613,1973.75,32.31238318528664,56.085,16.594673229849914,0.009468239546074566,8.03823447227478,0.654680049982047,600,35,35,0,2228224,55032.25929087923,826.7256003010142,105.82087683852981,128,0.0,0.0,0.0,0.0,0.0,0.0,0.0,0.0,90496022.0,0.0,0.0,150291.0,90496022.0,0.0,0.0,150291.0,0.0,0.0,0.0,0.0,0.0,0.0,0.0,0.0,1974864.6735378809,0.0,0.0,3279.750646395061,1974864.6735378809,0.0,0.0,3279.750646395061,69632,11.0,0.0,0.16483516483516483,91,544,0.0,534893.0,0.18936772068968202,4802.4949884185,2825302.0,0.0,535021.0,11.0,128.0,1.0,1.0858922004699707,0.0,241095.18681318683,0.08719549817492621,2093.2344011788955,2578948.3846153845,0.0,246353.61538461538,0.978021978021978,58.604395604395606,0.4635164835164835,0,91,544,1519.5560413449966,11.871531573007786,1256.255880471975,35.039453048581684,65.37326469020111,67.84819690026636,186.12113781273365,850.1104589551687,957.1365649253139
047-s3-warm-PX87-mrr-128_chunk-8192_cache-on,s3-warm-PX87-mrr-128_chunk-8192_cache-on,PX87,True,True,0.875,34.0,100000.0,3400000.0,0.0,0.0,0.0,451.0,0.0,44988015.0,0.0,110809790.0,65821775.0,0.0,0.0,0.0,0.0,0.0,0.0,82857775104.0,82793283854.06593,376999997440.0,0.0,0.0,0.0,9.892984540619683,0.0,986841.9887099033,0.0,2430686.3401758615,1443844.3514659582,True,True,True,True,True,True,True,True,8192,1892.6952742040157,2491.687400173396,2773.9256222173576,45.58786058425903,0.0017218407109910363,38419.92300033569,0.015804413983581848,38395.92300033569,2,0.0,0.0,0.0,0.0,0.0,1.0,0.0,0.0,58.49093238544597,700.0,0.07346677342234106,2.2469209412830766,0.0,100.0,99.99583156001728,22.67453123537048,0.0,17.411508101157214,0.10052841901779175,74.0,2619.0,11468603392.0,85520809984.0,76312477696.0,24901.286616323603,24901.286616323603,975.9372835414428,76.40007713359782,581.575,722.493,0.0,85.36840510310662,1980.0,35.242933755772704,48.0,22.674544774728446,0.10053563117980957,0.0,0.0,38.75644567949955,700.0,0.008017827968263195,0.8151078979206688,0.0,85.94065934065934,85.76967120569707,6.241726385987268,0.0,11.733315291256302,0.10015210368476071,49.417582417582416,2619.0,9937881848.685715,85520809984.0,75582928135.31429,4209.900157624065,3784.465958239777,41.18135090633885,9.305844630624286,418.96481868131866,422.82535054945055,0.0,60.957750445983635,1980.0,22.62109096896875,44.903296703296704,6.241726389659464,0.016318005772390537,0.10053563117980957,0.9980727197299236,910,47,47,0,2228224,38486.07598787081,551.7567066914019,70.62485845649944,128,0.0,0.0,0.0,0.0,0.0,0.0,0.0,0.0,93392496.0,0.0,0.0,158594.0,93392496.0,0.0,0.0,158594.0,0.0,0.0,0.0,0.0,0.0,0.0,0.0,0.0,2048626.4282436487,0.0,0.0,3478.864723359286,2048626.4282436487,0.0,0.0,3478.864723359286,69632,1.0,0.0,0.01098901098901099,91,544,0.875,153623.0,0.050586851007501106,3871.224972046188,1634150.0,229348.0,85985.0,1.0,49.0,0.41,0.9998257160186768,0.6153846153846154,89041.63736263737,0.038724634682863836,1568.8503532408022,1478034.4395604397,155893.36263736265,65822.1978021978,0.01098901098901099,21.626373626373628,0.18186813186813186,0,91,544,1527.4241674776713,11.933001308419307,842.7665283683361,14.168027986398364,18.75451041576196,21.07347150633889,75.73699858039618,151.5079817734659,377.8158493153757
048-s4-dec-capacity-c64,s4-dec-capacity-c64,unknown,True,False,,34.0,100000.0,3400000.0,0.0,0.0,0.0,109.0,0.0,19082875.0,0.0,33472043.0,14389168.0,0.0,0.0,0.0,0.0,0.0,0.0,82850775040.0,82839874871.65218,376999997440.0,0.0,0.0,0.0,9.684785993957112,0.0,1695537.2525177463,0.0,2974032.7819773415,1278495.5294595952,True,True,True,True,True,True,True,True,8192,11241.406221874058,11243.388651777059,11243.79608374089,11.25476598739624,0.01116731491165446,11550.821000099182,0.005534034311012645,11422.242000579834,2,0.0,0.0,0.0,0.0,0.0,1.0,0.0,0.0,64.57743033212178,700.0,0.07321502506304432,2.093519450340417,0.0,100.0,99.9966131871002,22.059279069946882,0.0,17.71017887064481,0.10383721813559532,82.0,2619.0,11607015424.0,85520809984.0,75341496320.0,24321.269207477708,24282.505755885206,1652.5218842275003,121.28039185182747,573.07,747.409,0.0,84.61025557122372,1980.0,38.751830611432716,46.0,22.05927795689667,0.1038358211517334,0.0,0.0,59.68297254200982,700.0,0.0070465011072901075,1.4489494541727166,0.0,96.80357142857143,95.04550341618855,5.801573151318745,0.0,15.814754163356591,0.10017464168569339,75.33482142857143,2619.0,10531911387.428572,85520809984.0,74988898596.57143,5473.633891115107,4114.406746617505,43.267694466280965,10.655857599281145,493.2699330357143,511.8549375,0.0,74.79292207630296,1980.0,35.10706325786889,43.10267857142857,5.801573205547699,0.023504534901995323,0.1038358211517334,0.9951339736910061,224,13,13,0,32768,11421.829344502923,176.2515411392087,180.48157812654972,128,0.0,0.0,0.0,0.0,0.0,0.0,0.0,0.0,181512120.0,0.0,0.0,133287.0,181512120.0,0.0,0.0,133287.0,0.0,0.0,0.0,0.0,0.0,0.0,0.0,0.0,16127578.325774888,0.0,0.0,11842.71624565653,16127578.325774888,0.0,0.0,11842.71624565653,65536,0.0,0.0,0.0,23,64,0.0,96768.0,0.03427315026853767,7018.855584756807,2825302.0,0.0,96832.0,0.0,64.0,0.5,0.5051798820495605,0.0,60082.086956521736,0.021790667826414433,5323.7180679588555,2763736.782608696,0.0,61565.217391304344,0.0,59.869565217391305,0.4782608695652174,0,23,64,5822.955366054801,5.686479849662891,1026.304857251984,10.588420653316982,10.691911321249904,10.734412605753159,409.599119797349,550.5488614551723,551.3739806041121
049-s4-dec-capacity-c128,s4-dec-capacity-c128,unknown,True,False,,34.0,100000.0,3400000.0,0.0,0.0,0.0,159.0,0.0,31395732.0,0.0,56420095.0,25024362.0,0.0,0.0,0.0,0.0,0.0,0.0,82862649344.0,82850312067.87878,376999997440.0,0.0,0.0,0.0,9.884562125964006,0.0,1951780.2732334351,0.0,3507471.284152775,1555690.9487522824,True,True,True,True,True,True,True,True,8192,16053.445531986654,16058.601997420192,16060.602377355099,16.085689783096313,0.0018037877639736869,18592.59399986267,0.004707079702308974,18592.59399986267,2,0.0,0.0,0.0,0.0,0.0,1.0,0.0,0.0,100.0,700.0,0.07039007748268078,2.4171017248649087,0.0,100.0,99.99729190127945,20.706829415736383,0.0,18.203218919552544,0.10035576857626438,91.0,2619.0,11399397376.0,85520809984.0,76226494464.0,24650.02679335525,24611.24141212979,1273.7149203891943,100.47305898684135,662.507,730.566,0.0,87.78165277783346,1980.0,43.14969304406451,51.0,20.70682238285864,0.1003577709197998,0.0,0.0,68.21582140626042,700.0,0.010010876768403214,2.0572171389907026,0.0,97.64596273291926,97.89231098302643,7.4232696944839835,0.0,17.4597157918449,0.10015555030394414,86.2360248447205,2619.0,9685947461.962732,85520809984.0,75834862522.03726,7850.236461762259,5892.121976790852,36.43919810066078,11.356952458045944,564.3412267080745,577.4632236024845,0.0,84.22860393565973,1980.0,40.73247161055202,48.45031055900621,7.423269700891484,0.009867196609029159,0.1003577709197998,1.0008896240756007,322,18,18,0,65536,18559.056906305188,141.85023498430382,145.25464062392712,128,0.0,0.0,0.0,0.0,0.0,0.0,0.0,0.0,403470405.0,0.0,0.0,266642.0,403470405.0,0.0,0.0,266642.0,0.0,0.0,0.0,0.0,0.0,0.0,0.0,0.0,25082567.825222384,0.0,0.0,16576.348518184244,25082567.825222384,0.0,0.0,16576.348518184244,131072,63.0,0.0,0.06060606060606061,33,128,0.0,193536.0,0.0667341048850707,9694.63473617814,2825302.0,0.0,188544.0,63.0,128.0,1.0,0.5079162120819092,0.0,129194.66666666667,0.04173266926487644,7397.049319408904,2707394.606060606,0.0,117907.39393939394,2.0606060606060606,116.9090909090909,0.9284848484848485,0,33,128,8148.360547008518,7.9573833466880055,1155.8468583299887,15.11672811030992,15.412245045087408,15.42216335291285,588.5708862915635,939.0450606122613,939.7332402691245
050-s4-dec-capacity-c256,s4-dec-capacity-c256,unknown,True,False,,34.0,100000.0,3400000.0,0.0,0.0,0.0,320.0,0.0,64511696.0,0.0,115244617.0,50732921.0,0.0,0.0,0.0,0.0,0.0,0.0,82874036224.0,82691551673.1077,376999997440.0,0.0,0.0,0.0,9.883530903836071,0.0,1992510.4408589934,0.0,3559449.167563287,1566938.7267042939,True,True,True,True,True,True,True,True,8192,24151.91212296486,32321.298060938716,32322.69342020154,32.37709307670593,0.004391951464788953,37869.22000026703,0.002925954474665323,37764.88500022888,2,0.0,0.0,0.0,0.029503105590062112,0.0,1.0,4.0,0.0,72.90636384260162,700.0,0.07533878582217039,2.336459310497538,0.0,100.0,99.99937863382968,22.229391421500704,0.0,18.128654037597556,0.15772088058292866,92.0,2619.0,11185487872.0,85520809984.0,75976933376.0,25589.26328626407,25613.590293695943,877.0654828643495,68.34627017499524,670.317,752.022,0.0,88.30297260625206,1980.0,43.61849867517421,58.0,22.229382051341425,0.15771889686584473,0.11801242236024845,0.0,68.25261230184071,700.0,0.009979275789413135,2.0508981612363164,0.0,98.70962732919254,98.44611956964476,7.418113178822816,0.0,17.48492643392332,0.10054391725509433,86.71894409937889,2619.0,9967851583.602484,85520809984.0,75552958400.39752,7825.790324643844,5874.5576750933715,31.013456761890293,10.792256270368352,576.6388944099378,583.3596040372671,0.0,84.51048456151447,1979.5807453416148,40.732157697142,51.73757763975155,7.418113199977475,0.009392909189257366,0.15771889686584473,0.9945302971985047,644,34,34,0,131072,37702.90022401644,144.4596099863702,147.92664062604308,128,0.0,0.0,0.0,0.0,0.0,0.0,0.0,0.0,800788811.0,0.0,0.0,529067.0,800788811.0,0.0,0.0,529067.0,0.0,0.0,0.0,0.0,0.0,0.0,0.0,0.0,24733190.50301451,0.0,0.0,16340.781389686996,24733190.50301451,0.0,0.0,16340.781389686996,262144,180.0,46.0,0.5230769230769231,65,256,0.0,193536.0,0.06755171659525247,9951.214240348141,2825302.0,0.0,190854.0,180.0,128.0,1.0,0.7734756469726562,0.0,127457.38461538461,0.04383751378954016,7868.230141295576,2701447.7846153844,0.0,123854.21538461538,64.64615384615385,121.75384615384615,0.9626153846153847,0,65,256,8096.58851642251,7.9068247230688575,1169.6300193025195,15.02155390670951,15.452098211078729,15.45270505850135,8615.031955763698,17296.896846033633,17298.72209392488
051-s4-BAL-mrr-128_chunk-8192_cache-off-seed-2026082591,s4-BAL-mrr-128_chunk-8192_cache-off-seed-2026082591,BAL,False,False,,34.0,100000.0,3400000.0,0.0,0.0,0.0,911.0,0.0,131937202.0,0.0,285508724.0,153571523.0,0.0,0.0,0.0,0.0,0.0,0.0,82894807040.0,82750641314.27322,376999997440.0,0.0,0.0,0.0,9.924645465913251,0.0,1437354.504516554,0.0,3110398.312980546,1673043.8193582245,True,False,True,False,False,True,True,True,8192,3299.2441300302744,4097.555693611503,4419.117651730776,91.79169201850891,0.04725438741941947,105778.32400035858,0.0415888060036178,105778.32400035858,2,0.0,0.0,0.0,0.06224066390041494,0.0,1.0,4.0,0.0,68.8268939470257,700.0,0.07581297179500307,2.3463786825783326,0.0,100.0,99.99875789623111,22.123140358207536,0.0,18.871061491706794,8.084990575909615,87.0,2619.0,11607015424.0,85520809984.0,80825548800.0,25874.181841208276,25874.16685002549,1186.7294891425433,87.91570074537238,651.02,769.138,0.0,88.09343931305654,1980.0,39.914963334690476,62.0,22.12314777176915,8.0849928855896,0.24896265560165975,0.0,53.12933134021647,700.0,0.02293675671172276,1.8161036428346866,0.0,92.52143845089903,91.80418195429377,10.096767138136311,0.0,16.075897704515228,0.12210195639362638,67.783540802213,2619.0,5203008142.340249,85520809984.0,80317801841.65974,11407.62235038268,10100.036741284415,36.51546594990006,10.851100207740503,567.325663208852,569.3014114799447,0.0,77.34409475493815,1979.0145228215767,32.48534792150829,53.1210235131397,10.096767151439366,0.0012987605557451965,8.0849928855896,0.7876529826405357,1446,77,77,0,1968640,100779.83409746876,214.92669863531896,27.510617425320827,128,0.0,0.0,0.0,0.0,0.0,0.0,0.0,0.0,397237528.0,0.0,0.0,1026144.0,397237528.0,0.0,0.0,1026144.0,0.0,0.0,0.0,0.0,0.0,0.0,0.0,0.0,4327597.838809866,0.0,0.0,11179.050929719086,4327597.838809866,0.0,0.0,11179.050929719086,492160,66.0,9.0,0.7868852459016393,183,3845,0.0,80069.0,0.028277685005001236,10082.443343228102,2825302.0,0.0,79893.0,66.0,128.0,1.0,1.045516014099121,0.0,71296.96721311475,0.02451091905710603,6649.451760977495,2756042.7158469944,0.0,69259.28415300546,14.26775956284153,120.53551912568307,0.9545901639344262,0,183,3845,5361.705282660665,41.888322520786446,1152.3736154578064,22.195723039780077,26.383605790067843,28.46822270434201,423.66948351264,1281.8046238273375,1535.0929138064384
052-s4-BAL-mrr-128_chunk-8192_cache-off-seed-2026082592,s4-BAL-mrr-128_chunk-8192_cache-off-seed-2026082592,BAL,True,False,,34.0,100000.0,3400000.0,0.0,0.0,0.0,911.0,0.0,125474766.0,0.0,274381477.0,148906711.0,0.0,0.0,0.0,0.0,0.0,0.0,82668232704.0,82655350179.67213,376999997440.0,0.0,0.0,0.0,9.958136395961182,0.0,1371564.0330179061,0.0,2999262.5384097537,1627698.5053918476,True,True,True,True,True,True,True,True,8192,3206.479549407959,3965.6650768592945,4160.620333943515,91.48298072814941,0.00018973621662413733,104970.36000061035,0.02570766976985972,104970.36000061035,2,0.0,0.0,0.0,0.11980306345733041,0.0,1.0,4.0,0.0,100.0,700.0,0.07614360364263154,2.349831692882935,0.0,100.0,99.99892217746338,22.407570426105064,0.0,18.8819501716049,0.10050215572118759,86.0,2619.0,11565072384.0,85520809984.0,84822720512.0,40280.06146249212,39997.67107935841,65.14849057925335,46.383779075175575,636.143,769.138,0.0,88.282110051349,1980.0,39.32909123227466,62.0,22.407571162081265,0.10050225257873535,0.47921225382932164,0.0,52.964528509064735,700.0,0.02141139621695335,1.7641934154127885,0.0,92.60831509846827,90.4492013725925,9.82162773246583,0.0,15.804244393112985,0.10014989478126396,67.49617067833698,2619.0,1285576618.8533916,85520809984.0,84235233365.1466,10950.316246627,9668.933857046768,33.93642990984268,10.39434993967726,571.9409721006565,573.5664699124726,0.0,76.18160292012159,1978.0962800875272,31.732656262723754,56.800328227571114,9.821627751581326,0.0021367122898523303,0.10050225257873535,0.9990929380799692,1828,94,94,0,1949696,104950.44332164616,215.35738905062195,27.565745798479607,128,396.0,0.0,0.0,6.0,348.0,0.0,0.0,6.0,390546989.0,0.0,0.0,1016404.0,390546989.0,0.0,0.0,1016404.0,4.328673998683455,0.0,0.0,0.06558596967702204,3.8039862412672787,0.0,0.0,0.06558596967702204,4269067.163001044,0.0,0.0,11110.30698726732,4269067.163001044,0.0,0.0,11110.30698726732,487424,50.0,10.0,0.8032786885245902,183,3808,0.0,79498.0,0.027954533710024626,9816.191168693236,2825302.0,0.0,78980.0,50.0,128.0,1.0,0.9356658458709717,0.0,71192.05464480874,0.024624659013675613,6335.78739564185,2755729.901639344,0.0,69572.09836065574,11.852459016393443,121.10382513661202,0.9548087431693989,0,183,3808,5328.029280642133,41.625228755016664,1147.4304746643531,22.089526900566938,26.377696666397213,29.482804926068276,333.47785379737616,1087.8450176678598,1285.840029157698
053-s4-PF-mrr-128_chunk-8192_cache-off-seed-2026082591,s4-PF-mrr-128_chunk-8192_cache-off-seed-2026082591,PF,True,False,,34.0,100000.0,3400000.0,0.0,0.0,0.0,905.0,0.0,105247537.0,0.0,185783165.0,80535629.0,0.0,0.0,0.0,0.0,0.0,0.0,82863321088.0,82205098501.62637,376999997440.0,0.0,0.0,0.0,9.920570207044475,0.0,1153718.872847526,0.0,2036546.8858225723,882828.0239370023,True,True,True,True,True,True,True,True,8192,5824.735464528203,13583.854347839948,16056.415467560299,91.22459506988525,0.0004872639098261113,115909.34999990463,1.1433602213573985e-05,115820.38699960709,2,0.0,0.0,0.0,0.4297475301866081,0.0,1.0,4.0,0.0,72.58369588051711,700.0,0.07182371215072207,3.1086044376404685,0.0,100.0,99.99882663725887,23.70439632068211,0.0,17.204254133170604,0.10045243054628372,92.0,2619.0,11565072384.0,85520809984.0,84973715456.0,33038.74760309312,33036.44761741928,63.861690182937316,45.24881127696593,694.304,756.732,0.0,86.30442400778236,1980.0,36.90966515407032,65.0,23.704345583490536,0.10045289993286133,1.7189901207464324,0.0,43.8679507134519,700.0,0.04840401003793736,1.9610505153997428,0.0,96.00603732162459,92.5017290868894,17.511853288177395,0.0,14.660816108628099,0.1001512508790298,56.270581778265644,2619.0,2869729178.8364434,85520809984.0,82651080805.16356,17351.421524856727,17141.612758974326,31.024895232574245,11.224918569725128,633.0656942919868,635.2205389681668,0.0,73.69681446565518,1972.5576289791438,29.631433401746165,59.93194291986828,17.511853273701394,0.014193165808295863,0.10045289993286133,0.9986341943223775,1822,94,94,0,4857856,115852.87155683828,1527.051934020666,195.46264755464526,128,0.0,0.0,0.0,0.0,0.0,0.0,0.0,0.0,145319219.0,0.0,0.0,172998.0,145319219.0,0.0,0.0,172998.0,0.0,0.0,0.0,0.0,0.0,0.0,0.0,0.0,1592982.888974996,0.0,0.0,1896.396469257768,1592982.888974996,0.0,0.0,1896.396469257768,75904,8.0,0.0,0.3021978021978022,182,593,0.0,1040037.0,0.3704265951038154,4410.042986697731,2825302.0,0.0,1046567.0,8.0,127.0,0.99,0.915557861328125,0.0,301245.0989010989,0.12637063534843665,1262.4919708168675,2468267.236263736,0.0,357034.76373626373,0.5824175824175825,42.35164835164835,0.33785714285714286,0,182,593,832.0563104922695,6.500439925720856,1270.59319815132,43.54827157331733,104.13557076313361,124.32456379389673,287.94525004923344,664.2049111425877,1095.890004858376
054-s4-PF-mrr-128_chunk-8192_cache-off-seed-2026082592,s4-PF-mrr-128_chunk-8192_cache-off-seed-2026082592,PF,False,False,,34.0,100000.0,3400000.0,0.0,0.0,0.0,901.0,0.0,104443714.0,0.0,182763951.0,78320238.0,0.0,0.0,0.0,0.0,0.0,0.0,81779871744.0,81766468862.58563,376999997440.0,0.0,0.0,0.0,9.931245308349443,0.0,1151227.6855150843,0.0,2014510.134188854,863282.4596962394,True,True,True,False,True,True,True,True,8192,4663.7517511844635,8793.345859926194,9809.351273234934,90.72376847267151,0.0024054176438503155,112209.19099998474,0.0025023207006498855,112133.1890001297,2,0.0,0.0,0.0,0.4534368070953437,0.0,1.0,4.0,0.0,83.2012103637585,700.0,0.0719099942367057,2.4424177229974124,0.0,100.0,99.99693448487481,23.738585623974068,0.0,17.271639599655565,0.41026302985846996,85.0,2619.0,11560878080.0,85520809984.0,78006976512.0,24925.491053639074,24396.348577160337,176.24724730200407,166.18054595870024,693.84,754.415,0.0,83.65593322439884,1980.0,36.24431742969135,64.0,23.738534243933515,0.4102630615234375,1.8137472283813747,0.0,43.50355156982705,700.0,0.04551925406000708,1.8520866802378217,0.0,96.14135254988913,92.89480832243483,16.59928903704091,0.0,14.284232059811492,0.10057848599427555,55.65022172949002,2619.0,8106235463.521065,85520809984.0,77414574520.47894,16332.143311902137,16127.965007787443,31.116325508715814,11.247862885067565,616.614929600887,618.8017394678492,0.0,72.40954200344764,1972.2588691796009,28.69444008279088,59.15465631929047,16.599289024780813,0.007520016663326579,0.4102630615234375,0.994226777817003,1804,94,94,0,4538368,111939.28103215121,1582.3723911324564,202.5436660649544,128,0.0,0.0,0.0,0.0,0.0,0.0,0.0,0.0,137249922.0,0.0,0.0,166973.0,137249922.0,0.0,0.0,166973.0,0.0,0.0,0.0,0.0,0.0,0.0,0.0,0.0,1512833.1231230043,0.0,0.0,1840.4548533529762,1512833.1231230043,0.0,0.0,1840.4548533529762,70912,6.0,0.0,0.3149171270718232,181,554,0.0,579803.0,0.20743729342916262,4910.8103832326315,2817109.0,0.0,586073.0,6.0,70.0,0.55,0.8732767105102539,0.0,174555.2375690608,0.08339292930269096,1087.281327674895,2589691.7900552484,0.0,235610.20994475138,0.6740331491712708,27.646408839779006,0.22314917127071823,0,181,554,781.6253799175091,6.10644828060554,1236.8224213898834,34.17466143072825,65.48576667230196,74.56398623093496,289.07165210694075,821.1925284937025,1004.408922288568
055-s4-DEC-mrr-128_chunk-8192_cache-off-seed-2026082591,s4-DEC-mrr-128_chunk-8192_cache-off-seed-2026082591,DEC,False,False,,34.0,100000.0,3400000.0,0.0,0.0,0.0,1010.0,0.0,171567830.0,0.0,321422086.0,149854256.0,0.0,0.0,0.0,0.0,0.0,0.0,81685815296.0,81673343662.02956,376999997440.0,0.0,0.0,0.0,9.938087705458246,0.0,1688174.3979951984,0.0,3162693.9417221216,1474519.5437269232,True,True,True,False,False,True,True,True,8192,21058.733144775033,25421.526762843132,26481.7341312021,101.6292097568512,0.004301397269560005,106418.07100057602,0.022516449142487342,106346.06300067902,2,0.0,0.0,0.0,0.009652509652509652,0.0,1.0,4.0,0.0,100.0,700.0,0.07187374957559364,2.1728704673353105,0.0,100.0,99.99760522849593,22.06001943949291,0.0,18.362825495715754,8.071589153259993,91.0,2619.0,11560878080.0,85520809984.0,80309649408.0,25304.886412423468,25266.076670614424,61.05149493957716,41.317325052011455,616.052,750.104,0.0,87.35598933522074,1980.0,43.0433398092903,63.0,22.0600152573859,8.071597337722778,0.03861003861003861,0.0,62.77003600724566,700.0,0.0074344761989054604,1.6845554943262535,0.0,95.45431145431145,92.9881030366082,6.4735791703118215,0.0,15.864003709643116,0.1307787773303659,79.55984555984556,2619.0,6070312780.767053,85520809984.0,79450497203.23294,6314.243474162573,4695.065607148576,28.993917387446526,10.022428769383879,548.6109453024453,553.1981505791506,0.0,77.31230963245984,1979.8166023166023,36.35545014030113,55.18790218790219,6.473579170958888,0.005707947964319922,8.071597337722778,0.764543974964461,1554,82,82,0,321024,106875.81740060974,165.74784284130786,169.72579106949922,128,0.0,0.0,0.0,0.0,0.0,0.0,0.0,0.0,1942324042.0,0.0,0.0,1318928.0,1942324042.0,0.0,0.0,1318928.0,0.0,0.0,0.0,0.0,0.0,0.0,0.0,0.0,19111868.001798183,0.0,0.0,12977.8437041432,19111868.001798183,0.0,0.0,12977.8437041432,642048,67.0,15.0,0.5812807881773399,203,627,0.0,159660.0,0.05655607789892903,9120.695087200787,2825302.0,0.0,159788.0,67.0,128.0,1.0,0.6446957588195801,0.0,109801.77832512316,0.03819602485635844,6715.822669308258,2717386.694581281,0.0,107915.30541871922,18.635467980295566,106.20197044334975,0.8376354679802955,0,203,627,6317.553797142629,6.169486130022099,1047.1209139103041,16.701828681100032,22.46130937992623,23.973711213371914,3872.3884765058756,8265.625989437096,9550.975522585213
056-s4-DEC-mrr-128_chunk-8192_cache-off-seed-2026082592,s4-DEC-mrr-128_chunk-8192_cache-off-seed-2026082592,DEC,True,False,,34.0,100000.0,3400000.0,0.0,0.0,0.0,1010.0,0.0,167991283.0,0.0,327864836.0,159873552.0,0.0,0.0,0.0,0.0,0.0,0.0,81691054080.0,81676418204.37439,376999997440.0,0.0,0.0,0.0,9.921612310565754,0.0,1650241.9618619164,0.0,3220740.3891675463,1570498.4174822518,True,True,True,True,True,True,True,True,8192,18462.904382497072,18818.237555027008,19119.57561548799,101.79797077178955,0.0005506298286322235,109043.64199972153,0.03794100153391826,109018.16300010681,2,0.0,0.0,0.0,0.0,0.0,1.0,0.0,0.0,100.0,700.0,0.022222385235451347,2.136259152979921,0.0,100.0,99.99818613397025,11.277576711127669,0.0,17.95666773817299,0.17901409044861794,90.0,2619.0,11600723968.0,85520809984.0,85481684992.0,13563.231447291655,9928.192187047622,66.29031066519853,36.64655359078454,589.902,633.958,0.0,89.40750961616327,1980.0,42.96681452312299,56.0,11.277580827618321,0.17902255058288574,0.0,0.0,60.36959195937168,700.0,0.006988391392158364,1.5586568245841932,0.0,94.4167487684729,94.0920099411937,6.502846101706292,0.0,15.94263678472645,0.10029569912903709,76.74532019704434,2619.0,5047575456.157636,85520809984.0,80473234527.84236,5992.462209492355,4487.3719902325065,31.72221073187417,10.257544175595307,534.3930177339902,536.1325004926108,0.0,77.62266936729144,1980.0,36.09128464879512,53.138423645320195,6.502846102781488,0.00201391970857977,0.17902255058288574,0.9970729203192317,2030,103,103,0,306688,109103.68468162927,177.77617970008856,182.0428080128907,128,0.0,0.0,0.0,0.0,0.0,0.0,0.0,0.0,1860524406.0,0.0,0.0,1262333.0,1860524406.0,0.0,0.0,1262333.0,0.0,0.0,0.0,0.0,0.0,0.0,0.0,0.0,18276635.49572043,0.0,0.0,12400.374883993465,18276635.49572043,0.0,0.0,12400.374883993465,613376,4.0,0.0,0.07389162561576355,203,599,0.0,139620.0,0.04946303085475464,8287.781500886957,2824221.0,0.0,139748.0,4.0,128.0,1.0,0.9543807506561279,0.0,104094.06896551725,0.03697665828325086,6101.9593912490045,2720831.773399015,0.0,104470.22660098522,0.15270935960591134,102.10837438423646,0.8020197044334976,0,203,599,6025.424626342158,5.884203736662264,1071.1769711419427,17.933115252054215,18.292420429932292,18.397018184169823,65.57062268257141,390.3992777690292,719.5254287496208
